0.198,0.93,-3.88,9.37,-4.15,3.98,7.98,-0.04,-2.77,9.88,1.06,1.95,9.74,-1.35,-1.61,9.83,8.54,2.01,4.49
0.232,0.93,-3.87,9.37,-4.15,3.98,7.98,-0.03,-2.77,9.89,1.06,1.95,9.74,-1.36,-1.61,9.82,8.53,1.99,4.49
0.266,0.93,-3.87,9.36,-4.13,3.98,7.98,-0.04,-2.77,9.88,1.06,1.95,9.74,-1.35,-1.61,9.82,8.54,1.99,4.48
0.3,0.92,-3.87,9.36,-4.15,3.99,7.99,-0.04,-2.76,9.88,1.06,1.95,9.74,-1.37,-1.6,9.82,8.53,1.99,4.49
0.333,0.91,-3.88,9.36,-4.14,3.98,7.98,-0.04,-2.76,9.87,1.06,1.95,9.73,-1.35,-1.62,9.81,8.53,2,4.49
0.368,0.93,-3.88,9.35,-4.16,3.98,7.98,-0.04,-2.76,9.87,1.05,1.96,9.74,-1.36,-1.61,9.8,8.54,1.99,4.49
0.402,0.93,-3.88,9.36,-4.14,3.98,7.99,-0.04,-2.75,9.86,1.06,1.95,9.73,-1.35,-1.61,9.81,8.54,1.99,4.49
0.436,0.92,-3.87,9.35,-4.14,3.98,7.98,-0.03,-2.77,9.87,1.06,1.95,9.74,-1.36,-1.62,9.8,8.54,1.98,4.49
0.47,0.92,-3.88,9.35,-4.15,3.98,7.97,-0.04,-2.77,9.86,1.06,1.95,9.73,-1.35,-1.62,9.8,8.53,1.99,4.49
0.503,0.92,-3.88,9.35,-4.14,4,7.99,-0.04,-2.75,9.86,1.06,1.95,9.73,-1.36,-1.61,9.8,8.53,1.99,4.49
0.537,0.92,-3.87,9.36,-4.14,3.98,7.98,-0.03,-2.76,9.86,1.06,1.94,9.72,-1.35,-1.63,9.8,8.53,1.98,4.48
0.571,0.93,-3.87,9.35,-4.14,4,7.99,-0.03,-2.76,9.86,1.07,1.94,9.74,-1.35,-1.62,9.8,8.53,1.99,4.49
0.606,0.93,-3.88,9.36,-4.14,3.99,7.98,-0.04,-2.77,9.86,1.07,1.95,9.73,-1.36,-1.62,9.8,8.54,1.99,4.49
0.64,0.93,-3.88,9.35,-4.16,3.98,7.99,-0.04,-2.76,9.86,1.06,1.93,9.73,-1.36,-1.62,9.8,8.52,1.99,4.48
0.673,0.92,-3.87,9.35,-4.16,3.99,7.98,-0.03,-2.76,9.86,1.06,1.95,9.72,-1.35,-1.61,9.79,8.53,1.99,4.49
0.707,0.92,-3.88,9.35,-4.14,4,7.98,-0.05,-2.77,9.86,1.06,1.95,9.72,-1.36,-1.62,9.79,8.53,1.98,4.48
0.741,0.93,-3.87,9.35,-4.15,3.99,7.99,-0.04,-2.76,9.85,1.06,1.94,9.73,-1.36,-1.61,9.79,8.53,1.98,4.48
0.775,0.92,-3.88,9.35,-4.15,3.99,7.98,-0.03,-2.76,9.85,1.06,1.95,9.73,-1.36,-1.62,9.79,8.54,1.99,4.48
0.808,0.92,-3.87,9.34,-4.15,3.97,7.98,-0.04,-2.76,9.86,1.05,1.94,9.72,-1.36,-1.62,9.78,8.54,1.99,4.5
0.842,0.93,-3.88,9.35,-4.14,3.98,8,-0.04,-2.76,9.85,1.07,1.94,9.73,-1.36,-1.62,9.79,8.52,1.98,4.49
0.877,0.93,-3.88,9.34,-4.14,3.98,7.98,-0.04,-2.76,9.85,1.05,1.95,9.72,-1.36,-1.62,9.79,8.52,1.99,4.49
0.911,0.92,-3.88,9.35,-4.14,3.99,7.98,-0.03,-2.76,9.85,1.06,1.94,9.72,-1.35,-1.62,9.79,8.54,1.99,4.48
0.945,0.93,-3.88,9.35,-4.15,3.99,7.98,-0.03,-2.76,9.85,1.06,1.96,9.72,-1.36,-1.62,9.79,8.53,1.97,4.48
0.978,0.92,-3.88,9.35,-4.13,3.99,7.98,-0.04,-2.77,9.85,1.06,1.95,9.73,-1.35,-1.62,9.8,8.53,1.99,4.49
1.012,0.93,-3.88,9.35,-4.15,3.99,7.99,-0.04,-2.76,9.85,1.07,1.95,9.71,-1.36,-1.61,9.78,8.54,1.99,4.48
1.047,0.93,-3.88,9.35,-4.13,3.98,7.99,-0.03,-2.77,9.85,1.06,1.95,9.72,-1.36,-1.62,9.79,8.54,1.99,4.48
1.081,0.93,-3.87,9.35,-4.14,4,7.98,-0.04,-2.77,9.85,1.06,1.95,9.72,-1.35,-1.62,9.78,8.54,1.99,4.49
1.115,0.92,-3.88,9.34,-4.14,3.99,7.98,-0.03,-2.76,9.85,1.04,1.95,9.72,-1.36,-1.62,9.78,8.53,1.99,4.49
1.149,0.92,-3.88,9.34,-4.15,3.99,7.99,-0.03,-2.76,9.84,1.06,1.95,9.72,-1.35,-1.62,9.79,8.53,1.99,4.49
1.183,0.93,-3.88,9.35,-4.14,3.98,7.98,-0.04,-2.77,9.84,1.05,1.95,9.72,-1.35,-1.61,9.78,8.53,1.99,4.48
1.217,0.92,-3.88,9.35,-4.15,3.99,7.99,-0.03,-2.78,9.84,1.07,1.95,9.72,-1.36,-1.62,9.79,8.53,1.98,4.49
1.252,0.92,-3.88,9.35,-4.15,3.98,7.98,-0.03,-2.76,9.84,1.05,1.94,9.73,-1.37,-1.62,9.8,8.54,1.99,4.48
1.286,0.92,-3.86,9.35,-4.15,3.98,7.98,-0.05,-2.76,9.84,1.06,1.95,9.72,-1.36,-1.62,9.78,8.54,2,4.49
1.319,0.93,-3.87,9.34,-4.14,3.98,7.99,-0.04,-2.77,9.84,1.07,1.94,9.72,-1.35,-1.61,9.78,8.53,1.98,4.49
1.354,0.92,-3.88,9.33,-4.15,3.98,7.98,-0.04,-2.76,9.84,1.06,1.95,9.73,-1.35,-1.62,9.79,8.53,1.99,4.48
1.388,0.92,-3.88,9.34,-4.15,3.99,7.98,-0.04,-2.76,9.84,1.06,1.95,9.72,-1.36,-1.61,9.78,8.54,1.99,4.49
1.423,0.92,-3.88,9.34,-4.14,3.98,8,-0.03,-2.77,9.85,1.06,1.94,9.73,-1.35,-1.62,9.78,8.54,2,4.49
1.457,0.93,-3.88,9.34,-4.15,3.98,7.98,-0.04,-2.76,9.85,1.06,1.94,9.72,-1.36,-1.62,9.77,8.54,1.99,4.49
1.49,0.93,-3.88,9.34,-4.13,3.99,7.99,-0.04,-2.77,9.84,1.06,1.95,9.71,-1.36,-1.62,9.77,8.53,1.99,4.49
1.525,0.93,-3.88,9.34,-4.15,3.98,7.98,-0.03,-2.76,9.84,1.06,1.95,9.72,-1.36,-1.63,9.77,8.53,1.99,4.49
1.559,0.92,-3.88,9.35,-4.15,3.99,7.98,-0.03,-2.77,9.84,1.05,1.94,9.71,-1.35,-1.62,9.78,8.53,1.98,4.49
1.593,0.91,-3.87,9.34,-4.14,3.98,7.99,-0.03,-2.78,9.84,1.06,1.95,9.72,-1.35,-1.62,9.78,8.53,1.99,4.5
1.628,0.92,-3.87,9.34,-4.14,3.98,7.98,-0.04,-2.76,9.84,1.06,1.94,9.71,-1.35,-1.62,9.78,8.53,1.98,4.49
1.661,0.92,-3.88,9.34,-4.15,3.99,7.98,-0.04,-2.77,9.85,1.06,1.95,9.72,-1.35,-1.62,9.78,8.52,1.99,4.48
1.695,0.92,-3.88,9.34,-4.14,3.99,7.99,-0.03,-2.77,9.85,1.07,1.95,9.72,-1.36,-1.61,9.78,8.53,1.98,4.49
1.73,0.92,-3.87,9.34,-4.15,3.99,7.98,-0.04,-2.76,9.84,1.06,1.95,9.72,-1.36,-1.62,9.78,8.53,1.99,4.5
1.764,0.93,-3.89,9.34,-4.14,3.98,7.98,-0.04,-2.76,9.84,1.05,1.94,9.72,-1.35,-1.62,9.79,8.53,1.99,4.49
1.798,0.92,-3.87,9.34,-4.15,3.99,7.99,-0.03,-2.77,9.84,1.06,1.95,9.72,-1.36,-1.62,9.79,8.54,1.98,4.49
1.832,0.93,-3.87,9.34,-4.16,3.99,7.98,-0.04,-2.78,9.84,1.06,1.94,9.72,-1.36,-1.62,9.77,8.52,1.99,4.49
1.866,0.92,-3.87,9.35,-4.15,3.98,7.99,-0.04,-2.76,9.84,1.06,1.95,9.72,-1.37,-1.61,9.77,8.52,1.98,4.49
1.9,0.92,-3.87,9.34,-4.14,3.99,7.98,-0.03,-2.76,9.84,1.06,1.93,9.72,-1.36,-1.62,9.78,8.52,1.99,4.48
1.935,0.93,-3.87,9.34,-4.15,3.98,7.99,-0.05,-2.76,9.85,1.06,1.94,9.72,-1.36,-1.6,9.77,8.54,1.98,4.49
1.969,0.93,-3.89,9.35,-4.15,3.99,7.98,-0.04,-2.75,9.83,1.06,1.95,9.71,-1.36,-1.62,9.78,8.54,1.98,4.49
2.003,0.91,-3.88,9.34,-4.15,3.99,7.99,-0.04,-2.76,9.84,1.05,1.95,9.72,-1.36,-1.62,9.78,8.53,1.99,4.48
2.037,0.92,-3.87,9.34,-4.15,3.99,7.98,-0.03,-2.77,9.84,1.06,1.96,9.72,-1.35,-1.62,9.77,8.52,1.98,4.49
2.071,0.92,-3.88,9.33,-4.14,3.99,7.99,-0.04,-2.77,9.84,1.06,1.96,9.72,-1.35,-1.61,9.78,8.53,1.99,4.48
2.106,0.92,-3.87,9.34,-4.16,3.99,7.98,-0.03,-2.77,9.84,1.06,1.95,9.72,-1.36,-1.61,9.77,8.54,1.98,4.49
2.14,0.91,-3.87,9.33,-4.15,3.98,7.99,-0.03,-2.76,9.84,1.07,1.95,9.72,-1.37,-1.62,9.78,8.53,1.98,4.49
2.173,0.93,-3.88,9.34,-4.15,3.99,7.98,-0.03,-2.77,9.83,1.06,1.95,9.71,-1.36,-1.61,9.78,8.53,1.99,4.49
2.208,0.92,-3.87,9.34,-4.15,3.99,7.98,-0.03,-2.77,9.83,1.06,1.95,9.72,-1.36,-1.62,9.77,8.53,1.99,4.49
2.242,0.93,-3.88,9.35,-4.14,3.98,7.99,-0.03,-2.77,9.84,1.06,1.94,9.72,-1.35,-1.62,9.78,8.53,1.99,4.49
2.276,0.92,-3.88,9.34,-4.15,3.99,7.98,-0.04,-2.76,9.84,1.07,1.94,9.73,-1.36,-1.62,9.78,8.53,1.96,4.49
2.311,0.91,-3.87,9.34,-4.14,3.99,7.98,-0.03,-2.75,9.83,1.07,1.95,9.71,-1.35,-1.62,9.77,8.53,1.98,4.49
2.344,0.92,-3.88,9.34,-4.13,3.99,7.99,-0.04,-2.76,9.85,1.05,1.95,9.72,-1.36,-1.61,9.78,8.52,1.98,4.49
2.378,0.92,-3.88,9.34,-4.15,3.98,7.98,-0.04,-2.77,9.83,1.06,1.95,9.72,-1.36,-1.62,9.77,8.53,2,4.47
2.413,0.92,-3.87,9.33,-4.14,3.99,7.98,-0.05,-2.78,9.83,1.07,1.95,9.71,-1.35,-1.62,9.78,8.54,1.98,4.49
2.447,0.94,-3.88,9.34,-4.15,3.98,7.98,-0.04,-2.77,9.83,1.06,1.95,9.72,-1.35,-1.62,9.78,8.54,1.99,4.49
2.482,0.93,-3.87,9.33,-4.15,3.99,7.97,-0.03,-2.77,9.83,1.06,1.94,9.71,-1.37,-1.62,9.77,8.54,1.98,4.49
2.515,0.92,-3.87,9.34,-4.14,3.98,7.99,-0.04,-2.76,9.84,1.06,1.94,9.71,-1.36,-1.63,9.77,8.53,1.99,4.49
2.549,0.93,-3.88,9.33,-4.14,3.99,7.98,-0.03,-2.76,9.84,1.06,1.95,9.72,-1.37,-1.61,9.77,8.53,2,4.49
2.584,0.93,-3.87,9.34,-4.14,3.99,7.99,-0.04,-2.77,9.84,1.07,1.95,9.72,-1.36,-1.63,9.77,8.54,1.99,4.48
2.618,0.93,-3.87,9.34,-4.14,3.99,7.98,-0.03,-2.76,9.83,1.05,1.95,9.73,-1.36,-1.63,9.77,8.53,1.98,4.48
2.652,0.92,-3.88,9.34,-4.13,3.99,7.99,-0.04,-2.77,9.84,1.06,1.94,9.72,-1.36,-1.63,9.77,8.53,1.97,4.49
2.686,0.92,-3.88,9.34,-4.14,3.99,7.98,-0.04,-2.77,9.84,1.06,1.95,9.71,-1.36,-1.63,9.78,8.53,1.99,4.5
2.72,0.91,-3.88,9.34,-4.14,3.99,7.99,-0.04,-2.76,9.83,1.06,1.94,9.72,-1.37,-1.62,9.77,8.53,1.98,4.49
2.754,0.92,-3.88,9.33,-4.15,4,7.98,-0.03,-2.77,9.84,1.06,1.95,9.72,-1.37,-1.63,9.78,8.53,1.99,4.5
2.789,0.93,-3.88,9.34,-4.15,3.99,7.98,-0.03,-2.76,9.84,1.05,1.95,9.71,-1.36,-1.62,9.77,8.53,1.98,4.48
2.823,0.93,-3.88,9.34,-4.13,3.99,7.99,-0.03,-2.76,9.84,1.06,1.95,9.72,-1.35,-1.62,9.78,8.53,1.98,4.49
2.856,0.93,-3.87,9.33,-4.14,3.99,7.98,-0.03,-2.76,9.84,1.06,1.94,9.71,-1.35,-1.62,9.77,8.53,1.99,4.49
2.891,0.92,-3.88,9.33,-4.16,4,7.99,-0.04,-2.77,9.84,1.07,1.93,9.71,-1.36,-1.62,9.78,8.53,1.98,4.5
2.925,0.92,-3.88,9.33,-4.15,3.98,7.98,-0.03,-2.77,9.83,1.05,1.95,9.72,-1.36,-1.62,9.78,8.53,1.99,4.49
2.959,0.92,-3.87,9.33,-4.15,3.98,7.99,-0.04,-2.77,9.83,1.05,1.95,9.72,-1.37,-1.62,9.77,8.54,1.99,4.49
2.994,0.92,-3.88,9.34,-4.14,3.98,7.98,-0.04,-2.76,9.83,1.06,1.95,9.72,-1.36,-1.61,9.77,8.54,1.99,4.48
3.027,0.93,-3.88,9.34,-4.15,3.99,7.99,-0.04,-2.77,9.83,1.05,1.94,9.72,-1.36,-1.61,9.79,8.54,1.98,4.49
3.061,0.92,-3.88,9.35,-4.14,3.99,7.98,-0.05,-2.77,9.83,1.05,1.95,9.72,-1.35,-1.62,9.78,8.53,1.98,4.48
3.096,0.92,-3.88,9.34,-4.15,3.98,7.99,-0.04,-2.77,9.83,1.06,1.94,9.72,-1.36,-1.62,9.77,8.53,1.99,4.49
3.13,0.93,-3.88,9.34,-4.14,3.99,7.98,-0.03,-2.78,9.84,1.06,1.94,9.72,-1.37,-1.62,9.78,8.54,2,4.49
3.165,0.92,-3.87,9.34,-4.15,3.99,7.98,-0.03,-2.77,9.84,1.06,1.95,9.73,-1.35,-1.61,9.78,8.53,1.99,4.49
3.198,0.93,-3.87,9.34,-4.14,3.99,7.98,-0.03,-2.76,9.84,1.06,1.95,9.71,-1.35,-1.62,9.79,8.54,1.98,4.49
3.232,0.92,-3.87,9.34,-4.15,3.99,7.98,-0.04,-2.77,9.84,1.05,1.94,9.72,-1.35,-1.61,9.77,8.53,1.98,4.49
3.267,0.92,-3.88,9.34,-4.13,3.99,7.98,-0.04,-2.76,9.83,1.05,1.94,9.71,-1.35,-1.62,9.78,8.53,1.99,4.49
3.301,0.92,-3.87,9.34,-4.15,3.99,7.98,-0.03,-2.76,9.83,1.06,1.95,9.71,-1.36,-1.63,9.77,8.53,1.99,4.49
3.335,0.92,-3.88,9.34,-4.15,3.98,7.98,-0.04,-2.76,9.83,1.06,1.95,9.72,-1.35,-1.62,9.77,8.53,1.99,4.49
3.369,0.92,-3.88,9.34,-4.14,3.99,7.98,-0.04,-2.76,9.83,1.05,1.95,9.72,-1.37,-1.62,9.78,8.52,1.98,4.49
3.403,0.93,-3.88,9.33,-4.14,3.99,7.98,-0.04,-2.77,9.84,1.06,1.95,9.72,-1.36,-1.62,9.78,8.52,1.99,4.49
3.437,0.92,-3.88,9.33,-4.14,3.98,7.98,-0.05,-2.75,9.83,1.06,1.94,9.71,-1.35,-1.63,9.77,8.52,1.99,4.49
3.472,0.92,-3.88,9.35,-4.14,3.98,7.99,-0.04,-2.76,9.84,1.04,1.95,9.72,-1.36,-1.62,9.77,8.54,1.99,4.48
3.506,0.92,-3.88,9.34,-4.16,3.98,7.99,-0.03,-2.77,9.84,1.06,1.94,9.71,-1.36,-1.62,9.78,8.52,1.98,4.49
3.539,0.92,-3.88,9.34,-4.14,3.99,7.98,-0.03,-2.77,9.84,1.07,1.94,9.72,-1.35,-1.61,9.78,8.53,1.99,4.48
3.574,0.92,-3.88,9.34,-4.15,3.99,7.98,-0.03,-2.77,9.84,1.07,1.95,9.71,-1.36,-1.62,9.78,8.53,1.99,4.49
3.608,0.92,-3.88,9.34,-4.14,3.98,7.98,-0.03,-2.76,9.84,1.07,1.95,9.71,-1.36,-1.62,9.77,8.52,1.99,4.49
3.642,0.92,-3.88,9.33,-4.15,3.98,7.98,-0.04,-2.76,9.84,1.05,1.94,9.73,-1.35,-1.62,9.77,8.53,1.99,4.48
3.677,0.92,-3.88,9.34,-4.14,3.99,7.99,-0.04,-2.76,9.83,1.06,1.94,9.71,-1.37,-1.62,9.77,8.54,1.98,4.49
3.71,0.92,-3.87,9.34,-4.14,3.99,7.98,-0.04,-2.77,9.83,1.06,1.94,9.72,-1.35,-1.62,9.77,8.54,1.98,4.48
3.744,0.92,-3.89,9.34,-4.15,3.99,7.98,-0.04,-2.77,9.83,1.06,1.94,9.72,-1.35,-1.63,9.77,8.54,1.98,4.48
3.779,0.93,-3.88,9.34,-4.14,3.99,7.98,-0.05,-2.77,9.83,1.06,1.95,9.72,-1.37,-1.61,9.77,8.54,1.98,4.49
3.813,0.92,-3.88,9.34,-4.16,3.98,7.99,-0.03,-2.77,9.83,1.05,1.95,9.72,-1.35,-1.62,9.77,8.54,1.99,4.48
3.847,0.92,-3.87,9.34,-4.14,3.98,7.98,-0.04,-2.77,9.84,1.05,1.95,9.72,-1.35,-1.62,9.77,8.53,1.99,4.49
3.881,0.92,-3.87,9.34,-4.15,3.99,7.99,-0.05,-2.76,9.84,1.06,1.95,9.71,-1.35,-1.62,9.78,8.53,2,4.49
3.915,0.93,-3.88,9.34,-4.14,3.99,7.98,-0.03,-2.76,9.84,1.07,1.95,9.72,-1.36,-1.61,9.78,8.54,1.98,4.49
3.949,0.92,-3.88,9.33,-4.14,3.98,7.98,-0.04,-2.77,9.84,1.06,1.94,9.72,-1.35,-1.62,9.78,8.53,1.99,4.49
3.984,0.92,-3.88,9.35,-4.15,3.98,7.98,-0.04,-2.77,9.84,1.06,1.95,9.72,-1.36,-1.62,9.77,8.53,1.98,4.49
4.018,0.92,-3.88,9.34,-4.14,3.98,7.99,-0.05,-2.76,9.83,1.07,1.95,9.72,-1.36,-1.62,9.78,8.53,1.99,4.48
4.051,0.91,-3.87,9.34,-4.13,3.98,7.99,-0.04,-2.77,9.84,1.07,1.94,9.72,-1.35,-1.62,9.77,8.53,1.98,4.49
4.086,0.93,-3.87,9.34,-4.14,3.98,7.99,-0.04,-2.76,9.84,1.07,1.95,9.71,-1.36,-1.62,9.77,8.53,1.99,4.49
4.12,0.92,-3.88,9.34,-4.15,3.99,7.99,-0.04,-2.76,9.84,1.07,1.94,9.71,-1.35,-1.62,9.77,8.52,1.99,4.48
4.155,0.92,-3.87,9.33,-4.14,3.98,7.98,-0.04,-2.77,9.83,1.06,1.94,9.71,-1.36,-1.63,9.78,8.53,2,4.49
4.189,0.92,-3.88,9.34,-4.14,3.98,7.98,-0.04,-2.76,9.82,1.06,1.94,9.72,-1.36,-1.62,9.77,8.53,1.99,4.48
4.222,0.93,-3.87,9.34,-4.15,3.99,7.98,-0.04,-2.77,9.83,1.06,1.95,9.72,-1.36,-1.62,9.77,8.53,1.98,4.49
4.257,0.93,-3.87,9.35,-4.16,3.98,7.99,-0.04,-2.76,9.84,1.04,1.94,9.72,-1.35,-1.62,9.77,8.53,1.98,4.49
4.291,0.92,-3.88,9.33,-4.14,3.99,7.98,-0.03,-2.78,9.83,1.05,1.95,9.71,-1.36,-1.62,9.77,8.54,1.99,4.5
4.325,0.92,-3.88,9.34,-4.13,3.99,7.98,-0.05,-2.77,9.84,1.06,1.94,9.72,-1.36,-1.62,9.78,8.54,1.99,4.49
4.36,0.93,-3.87,9.33,-4.15,3.99,7.99,-0.05,-2.77,9.84,1.06,1.94,9.72,-1.36,-1.63,9.77,8.54,2,4.48
4.393,0.92,-3.88,9.33,-4.15,3.98,7.98,-0.04,-2.77,9.83,1.07,1.95,9.72,-1.35,-1.62,9.78,8.54,1.98,4.49
4.427,0.92,-3.88,9.34,-4.15,3.99,7.99,-0.03,-2.77,9.83,1.06,1.94,9.71,-1.35,-1.62,9.77,8.53,1.98,4.48
4.462,0.92,-3.88,9.34,-4.15,3.99,7.98,-0.03,-2.77,9.84,1.06,1.94,9.72,-1.35,-1.62,9.78,8.53,1.99,4.49
4.496,0.94,-3.88,9.33,-4.14,3.98,7.99,-0.03,-2.76,9.84,1.06,1.94,9.72,-1.36,-1.62,9.77,8.53,1.99,4.49
4.53,0.92,-3.88,9.34,-4.14,3.98,7.99,-0.04,-2.76,9.83,1.06,1.95,9.72,-1.36,-1.62,9.77,8.52,1.98,4.49
4.564,0.92,-3.87,9.33,-4.14,3.98,7.98,-0.03,-2.76,9.84,1.06,1.94,9.72,-1.35,-1.62,9.78,8.52,2,4.49
4.598,0.92,-3.88,9.34,-4.14,3.99,7.98,-0.05,-2.76,9.84,1.05,1.96,9.71,-1.35,-1.62,9.77,8.53,1.99,4.49
4.632,0.93,-3.89,9.34,-4.14,3.99,7.98,-0.03,-2.75,9.83,1.08,1.94,9.72,-1.36,-1.62,9.79,8.54,1.98,4.49
4.667,0.92,-3.88,9.34,-4.15,3.99,7.98,-0.04,-2.78,9.83,1.06,1.94,9.72,-1.36,-1.62,9.78,8.53,2,4.49
4.701,0.92,-3.87,9.34,-4.13,3.98,7.98,-0.03,-2.76,9.84,1.06,1.95,9.72,-1.34,-1.62,9.79,8.54,1.98,4.5
4.736,0.92,-3.88,9.34,-4.13,3.98,7.99,-0.02,-2.76,9.84,1.05,1.94,9.72,-1.36,-1.62,9.77,8.53,1.99,4.49
4.769,0.92,-3.88,9.33,-4.14,3.98,7.99,-0.03,-2.77,9.84,1.06,1.94,9.72,-1.36,-1.62,9.77,8.53,1.99,4.49
4.803,0.92,-3.88,9.34,-4.14,3.98,7.98,-0.05,-2.76,9.84,1.06,1.95,9.72,-1.36,-1.62,9.78,8.54,1.99,4.49
4.838,0.93,-3.88,9.34,-4.15,3.98,7.99,-0.05,-2.77,9.83,1.06,1.94,9.72,-1.35,-1.62,9.78,8.53,2,4.49
4.872,0.92,-3.88,9.34,-4.15,3.99,7.99,-0.04,-2.77,9.84,1.05,1.95,9.72,-1.37,-1.62,9.77,8.54,1.98,4.49
4.905,0.92,-3.88,9.33,-4.15,3.99,7.99,-0.04,-2.76,9.84,1.06,1.94,9.72,-1.36,-1.62,9.78,8.54,1.98,4.49
4.94,0.92,-3.88,9.34,-4.15,3.99,7.98,-0.04,-2.77,9.84,1.06,1.95,9.72,-1.35,-1.61,9.77,8.52,1.98,4.48
4.974,0.93,-3.87,9.33,-4.14,3.98,7.98,-0.04,-2.76,9.83,1.07,1.95,9.71,-1.35,-1.62,9.77,8.52,1.98,4.49
5.008,0.91,-3.87,9.33,-4.14,3.98,7.98,-0.03,-2.77,9.84,1.06,1.94,9.71,-1.38,-1.62,9.78,8.54,1.99,4.49
5.043,0.93,-3.88,9.32,-4.15,3.98,7.98,-0.03,-2.76,9.84,1.06,1.95,9.71,-1.37,-1.62,9.78,8.53,1.99,4.48
5.076,0.92,-3.87,9.33,-4.14,3.99,7.99,-0.03,-2.78,9.84,1.05,1.95,9.71,-1.36,-1.62,9.77,8.54,1.99,4.48
5.11,0.94,-3.87,9.34,-4.14,3.99,7.98,-0.04,-2.76,9.83,1.06,1.94,9.73,-1.36,-1.62,9.77,8.53,1.99,4.49
5.145,0.93,-3.88,9.33,-4.15,3.98,7.98,-0.04,-2.76,9.83,1.05,1.95,9.71,-1.36,-1.62,9.78,8.53,1.99,4.49
5.179,0.92,-3.88,9.33,-4.13,3.99,7.99,-0.05,-2.77,9.83,1.06,1.95,9.73,-1.35,-1.61,9.77,8.54,1.99,4.49
5.213,0.92,-3.87,9.34,-4.15,3.98,7.99,-0.04,-2.76,9.84,1.07,1.94,9.72,-1.36,-1.62,9.78,8.54,1.99,4.48
5.248,0.92,-3.88,9.33,-4.14,3.99,7.99,-0.04,-2.77,9.84,1.05,1.94,9.72,-1.35,-1.62,9.78,8.54,1.98,4.48
5.281,0.92,-3.87,9.33,-4.14,3.99,7.98,-0.04,-2.76,9.83,1.06,1.95,9.72,-1.36,-1.61,9.77,8.53,1.98,4.48
5.315,0.93,-3.87,9.33,-4.15,3.98,7.99,-0.04,-2.77,9.84,1.06,1.94,9.72,-1.36,-1.62,9.77,8.53,2,4.49
5.35,0.92,-3.88,9.34,-4.16,3.98,7.98,-0.03,-2.76,9.84,1.08,1.95,9.71,-1.35,-1.62,9.78,8.53,1.98,4.5
5.384,0.91,-3.88,9.33,-4.14,3.99,7.99,-0.04,-2.76,9.83,1.06,1.95,9.72,-1.36,-1.61,9.77,8.52,1.98,4.49
5.417,0.93,-3.88,9.34,-4.14,3.98,7.99,-0.04,-2.76,9.84,1.06,1.94,9.72,-1.37,-1.61,9.78,8.53,1.99,4.5
5.452,0.92,-3.88,9.33,-4.15,3.99,7.98,-0.04,-2.78,9.83,1.06,1.96,9.72,-1.37,-1.61,9.78,8.52,1.99,4.49
5.486,0.93,-3.86,9.33,-4.14,3.98,7.98,-0.04,-2.76,9.84,1.06,1.95,9.71,-1.36,-1.62,9.78,8.54,1.98,4.5
5.52,0.91,-3.87,9.33,-4.16,3.98,7.99,-0.04,-2.77,9.83,1.06,1.94,9.73,-1.36,-1.61,9.77,8.53,1.99,4.48
5.555,0.92,-3.87,9.34,-4.14,3.99,7.98,-0.04,-2.77,9.83,1.06,1.95,9.71,-1.35,-1.63,9.78,8.53,1.99,4.49
5.588,0.92,-3.88,9.34,-4.16,3.99,7.98,-0.03,-2.76,9.83,1.06,1.95,9.71,-1.36,-1.62,9.78,8.52,1.99,4.48
5.622,0.93,-3.88,9.34,-4.13,3.97,7.98,-0.03,-2.77,9.83,1.06,1.95,9.71,-1.36,-1.62,9.77,8.53,1.98,4.49
5.657,0.92,-3.87,9.34,-4.15,3.99,7.98,-0.04,-2.76,9.83,1.07,1.94,9.71,-1.34,-1.61,9.78,8.53,1.98,4.48
5.691,0.92,-3.88,9.34,-4.14,3.98,7.99,-0.04,-2.76,9.84,1.07,1.95,9.72,-1.36,-1.62,9.77,8.53,1.98,4.49
5.725,0.93,-3.88,9.34,-4.13,3.99,7.98,-0.03,-2.77,9.84,1.06,1.94,9.72,-1.35,-1.62,9.78,8.54,2,4.49
5.76,0.93,-3.88,9.34,-4.15,4,7.98,-0.03,-2.76,9.83,1.06,1.94,9.71,-1.36,-1.61,9.77,8.54,1.99,4.49
5.793,0.91,-3.88,9.34,-4.15,3.98,7.99,-0.05,-2.77,9.83,1.06,1.94,9.72,-1.36,-1.63,9.77,8.54,1.98,4.49
5.828,0.92,-3.86,9.33,-4.14,3.99,7.98,-0.04,-2.76,9.85,1.06,1.93,9.72,-1.35,-1.62,9.78,8.54,1.99,4.49
5.862,0.92,-3.87,9.34,-4.13,3.99,7.99,-0.03,-2.77,9.84,1.06,1.94,9.72,-1.36,-1.62,9.77,8.53,1.99,4.49
5.896,0.93,-3.87,9.34,-4.14,3.99,7.99,-0.03,-2.76,9.84,1.06,1.95,9.71,-1.37,-1.62,9.78,8.54,1.99,4.49
5.931,0.92,-3.88,9.33,-4.13,3.99,7.98,-0.04,-2.77,9.84,1.05,1.94,9.72,-1.36,-1.62,9.77,8.53,1.98,4.48
5.964,0.92,-3.87,9.34,-4.15,3.99,7.99,-0.04,-2.77,9.83,1.06,1.96,9.71,-1.35,-1.62,9.78,8.53,1.98,4.49
5.998,0.92,-3.86,9.34,-4.15,3.98,7.98,-0.03,-2.77,9.84,1.06,1.95,9.72,-1.36,-1.61,9.77,8.53,1.97,4.48
6.033,0.91,-3.87,9.34,-4.15,4,7.98,-0.03,-2.76,9.84,1.06,1.94,9.71,-1.36,-1.62,9.77,8.54,1.99,4.48
6.067,0.92,-3.89,9.34,-4.15,3.99,7.98,-0.04,-2.76,9.83,1.05,1.95,9.71,-1.36,-1.61,9.77,8.53,1.99,4.49
6.1,0.92,-3.88,9.33,-4.15,3.99,7.99,-0.04,-2.77,9.83,1.05,1.94,9.72,-1.36,-1.62,9.77,8.55,1.99,4.48
6.135,0.93,-3.87,9.34,-4.13,3.99,7.98,-0.05,-2.76,9.83,1.07,1.94,9.72,-1.36,-1.62,9.77,8.53,1.99,4.49
6.169,0.93,-3.87,9.34,-4.15,3.98,7.98,-0.03,-2.76,9.82,1.06,1.95,9.71,-1.36,-1.62,9.77,8.54,1.99,4.48
6.203,0.92,-3.87,9.33,-4.14,4,7.98,-0.04,-2.76,9.83,1.05,1.94,9.71,-1.36,-1.62,9.77,8.53,1.98,4.49
6.238,0.93,-3.88,9.33,-4.14,3.98,7.98,-0.04,-2.75,9.84,1.07,1.94,9.72,-1.35,-1.64,9.77,8.53,1.99,4.49
6.272,0.93,-3.89,9.34,-4.14,3.99,7.99,-0.03,-2.74,9.83,1.06,1.94,9.72,-1.35,-1.62,9.78,8.53,1.99,4.5
6.305,0.92,-3.87,9.34,-4.14,3.99,7.98,-0.04,-2.77,9.84,1.06,1.94,9.71,-1.35,-1.63,9.78,8.53,1.98,4.49
6.34,0.93,-3.87,9.33,-4.14,3.98,7.98,-0.03,-2.76,9.83,1.06,1.96,9.72,-1.35,-1.62,9.78,8.52,1.99,4.48
6.374,0.92,-3.88,9.33,-4.15,3.98,7.99,-0.04,-2.76,9.83,1.06,1.95,9.73,-1.35,-1.63,9.77,8.53,1.99,4.49
6.408,0.93,-3.88,9.33,-4.14,3.99,7.98,-0.04,-2.76,9.82,1.07,1.94,9.71,-1.35,-1.62,9.78,8.52,1.98,4.49
6.443,0.93,-3.87,9.34,-4.15,3.98,7.98,-0.04,-2.76,9.83,1.06,1.94,9.72,-1.36,-1.63,9.78,8.53,1.99,4.5
6.476,0.92,-3.88,9.34,-4.14,3.98,7.98,-0.05,-2.76,9.83,1.05,1.94,9.71,-1.35,-1.62,9.78,8.52,1.99,4.49
6.51,0.91,-3.89,9.33,-4.14,3.98,7.99,-0.03,-2.77,9.84,1.06,1.94,9.72,-1.35,-1.61,9.77,8.52,1.98,4.49
6.545,0.92,-3.88,9.34,-4.15,3.99,7.99,-0.04,-2.77,9.84,1.05,1.96,9.71,-1.36,-1.62,9.78,8.53,1.98,4.49
6.579,0.93,-3.87,9.35,-4.14,3.98,7.98,-0.03,-2.77,9.83,1.06,1.94,9.71,-1.35,-1.62,9.77,8.53,1.98,4.49
6.612,0.92,-3.88,9.33,-4.14,3.98,7.98,-0.03,-2.76,9.83,1.06,1.96,9.72,-1.36,-1.61,9.77,8.53,2,4.49
6.647,0.92,-3.88,9.33,-4.14,3.98,7.98,-0.03,-2.77,9.84,1.07,1.95,9.71,-1.36,-1.62,9.77,8.54,1.99,4.49
6.681,0.92,-3.88,9.34,-4.15,3.98,7.98,-0.03,-2.77,9.84,1.05,1.95,9.71,-1.36,-1.61,9.78,8.54,1.99,4.49
6.715,0.92,-3.88,9.34,-4.14,3.99,7.98,-0.04,-2.77,9.84,1.05,1.94,9.72,-1.36,-1.62,9.77,8.54,1.98,4.5
6.75,0.93,-3.88,9.33,-4.14,3.99,7.99,-0.03,-2.76,9.84,1.06,1.95,9.72,-1.35,-1.61,9.78,8.53,1.99,4.48
6.784,0.92,-3.87,9.33,-4.14,3.98,7.99,-0.03,-2.77,9.83,1.06,1.95,9.7,-1.35,-1.62,9.77,8.52,1.98,4.49
6.818,0.92,-3.88,9.35,-4.14,3.98,7.96,-0.04,-2.76,9.84,1.06,1.95,9.73,-1.35,-1.62,9.79,8.53,1.98,4.49
6.852,0.92,-3.88,9.34,-4.14,3.99,7.98,-0.04,-2.77,9.83,1.07,1.94,9.7,-1.36,-1.62,9.78,8.53,1.99,4.49
6.886,0.92,-3.88,9.34,-4.15,3.98,7.99,-0.03,-2.76,9.84,1.05,1.95,9.72,-1.35,-1.63,9.78,8.53,1.99,4.49
6.92,0.93,-3.88,9.33,-4.15,3.99,7.99,-0.04,-2.76,9.85,1.06,1.95,9.71,-1.36,-1.61,9.77,8.53,1.99,4.49
6.955,0.92,-3.86,9.34,-4.15,3.99,7.97,-0.04,-2.76,9.83,1.06,1.95,9.71,-1.36,-1.62,9.78,8.53,2,4.49
6.988,0.93,-3.88,9.33,-4.15,3.99,7.98,-0.03,-2.76,9.83,1.06,1.94,9.73,-1.36,-1.63,9.77,8.53,1.99,4.5
7.022,0.92,-3.88,9.33,-4.14,3.99,7.99,-0.04,-2.77,9.83,1.06,1.95,9.72,-1.36,-1.62,9.78,8.54,1.98,4.48
7.057,0.92,-3.87,9.34,-4.14,3.98,7.98,-0.03,-2.77,9.84,1.06,1.94,9.72,-1.35,-1.62,9.76,8.52,1.98,4.49
7.091,0.92,-3.87,9.33,-4.14,3.98,7.98,-0.03,-2.77,9.83,1.07,1.94,9.72,-1.36,-1.62,9.77,8.51,1.99,4.49
7.124,0.93,-3.86,9.33,-4.14,3.99,7.99,-0.03,-2.77,9.83,1.05,1.94,9.73,-1.37,-1.61,9.77,8.53,1.98,4.49
7.159,0.93,-3.87,9.33,-4.14,3.99,7.99,-0.04,-2.77,9.83,1.07,1.96,9.71,-1.34,-1.62,9.77,8.53,1.99,4.49
7.193,0.92,-3.87,9.33,-4.13,3.98,7.98,-0.04,-2.77,9.84,1.06,1.95,9.71,-1.36,-1.62,9.77,8.53,2,4.48
7.227,0.93,-3.88,9.34,-4.15,3.99,7.98,-0.04,-2.77,9.83,1.07,1.94,9.7,-1.36,-1.62,9.78,8.54,1.98,4.49
7.261,0.93,-3.88,9.33,-4.13,3.99,7.99,-0.04,-2.77,9.83,1.06,1.96,9.71,-1.36,-1.62,9.77,8.53,1.99,4.5
7.296,0.92,-3.87,9.31,-4.16,3.99,7.98,-0.03,-2.76,9.85,1.06,1.93,9.72,-1.35,-1.62,9.78,8.53,1.99,4.48
7.329,0.91,-3.88,9.34,-4.14,3.98,7.98,-0.03,-2.76,9.84,1.07,1.93,9.71,-1.35,-1.62,9.78,8.53,2,4.49
7.363,0.92,-3.88,9.35,-4.15,3.98,7.98,-0.03,-2.77,9.83,1.06,1.95,9.71,-1.35,-1.63,9.78,8.53,2,4.49
7.398,0.92,-3.88,9.33,-4.14,3.98,7.99,-0.05,-2.76,9.83,1.06,1.94,9.72,-1.36,-1.61,9.77,8.54,1.98,4.49
7.432,0.92,-3.88,9.33,-4.14,3.99,7.98,-0.04,-2.76,9.83,1.06,1.94,9.71,-1.35,-1.62,9.77,8.52,1.99,4.49
7.467,0.92,-3.87,9.33,-4.14,3.99,7.98,-0.04,-2.76,9.83,1.05,1.94,9.72,-1.35,-1.62,9.78,8.53,1.98,4.49
7.5,0.94,-3.87,9.35,-4.14,4,7.99,-0.03,-2.77,9.84,1.07,1.95,9.72,-1.36,-1.6,9.77,8.53,1.99,4.48
7.534,0.92,-3.87,9.34,-4.14,3.99,7.98,-0.04,-2.78,9.83,1.06,1.94,9.73,-1.36,-1.62,9.78,8.54,2,4.49
7.569,0.92,-3.89,9.33,-4.13,3.99,7.98,-0.03,-2.77,9.82,1.06,1.95,9.71,-1.37,-1.61,9.77,8.53,1.99,4.48
7.603,0.92,-3.87,9.33,-4.14,3.99,7.98,-0.03,-2.76,9.84,1.07,1.96,9.72,-1.35,-1.63,9.78,8.53,1.98,4.49
7.636,0.92,-3.88,9.34,-4.14,3.98,7.98,-0.04,-2.75,9.84,1.06,1.95,9.7,-1.35,-1.62,9.76,8.53,1.98,4.49
7.671,0.94,-3.88,9.33,-4.14,3.99,7.98,-0.03,-2.76,9.83,1.05,1.95,9.72,-1.36,-1.62,9.77,8.53,1.99,4.48
7.705,0.92,-3.88,9.34,-4.15,3.99,7.99,-0.04,-2.76,9.83,1.04,1.95,9.71,-1.37,-1.61,9.77,8.52,1.98,4.49
7.739,0.93,-3.88,9.34,-4.15,3.99,7.98,-0.03,-2.77,9.83,1.06,1.93,9.72,-1.36,-1.6,9.77,8.54,1.99,4.49
7.774,0.93,-3.86,9.34,-4.15,3.98,7.98,-0.04,-2.77,9.84,1.06,1.94,9.72,-1.36,-1.62,9.77,8.52,1.98,4.48
7.808,0.92,-3.87,9.33,-4.16,3.98,7.99,-0.04,-2.76,9.83,1.07,1.94,9.72,-1.37,-1.62,9.77,8.52,1.99,4.49
7.841,0.92,-3.88,9.33,-4.16,3.99,7.97,-0.04,-2.78,9.83,1.06,1.94,9.71,-1.35,-1.62,9.77,8.53,1.99,4.49
7.876,0.93,-3.88,9.34,-4.15,3.97,7.99,-0.03,-2.78,9.84,1.06,1.94,9.72,-1.36,-1.61,9.77,8.54,1.99,4.49
7.91,0.93,-3.88,9.33,-4.14,3.98,7.98,-0.03,-2.77,9.83,1.06,1.95,9.71,-1.36,-1.62,9.77,8.54,1.99,4.48
7.944,0.92,-3.88,9.34,-4.14,3.98,8,-0.03,-2.77,9.84,1.05,1.94,9.71,-1.36,-1.63,9.78,8.52,1.99,4.49
7.979,0.93,-3.88,9.35,-4.14,3.99,7.97,-0.02,-2.76,9.84,1.05,1.94,9.71,-1.36,-1.62,9.78,8.53,1.98,4.48
8.012,0.92,-3.88,9.34,-4.14,3.98,7.98,-0.04,-2.76,9.84,1.06,1.94,9.71,-1.35,-1.63,9.77,8.53,1.98,4.49
8.046,0.93,-3.87,9.33,-4.15,4,7.99,-0.04,-2.77,9.84,1.07,1.95,9.72,-1.36,-1.62,9.77,8.52,1.98,4.49
8.081,0.92,-3.88,9.33,-4.15,3.99,7.98,-0.04,-2.77,9.83,1.06,1.95,9.72,-1.35,-1.61,9.78,8.54,1.99,4.49
8.115,0.92,-3.88,9.34,-4.15,3.99,7.98,-0.04,-2.76,9.83,1.06,1.94,9.71,-1.35,-1.62,9.78,8.54,1.99,4.48
8.148,0.91,-3.88,9.34,-4.14,3.98,7.99,-0.05,-2.78,9.83,1.06,1.95,9.71,-1.36,-1.62,9.77,8.54,1.98,4.48
8.183,0.92,-3.88,9.34,-4.15,3.99,7.98,-0.03,-2.78,9.84,1.06,1.95,9.72,-1.36,-1.61,9.78,8.52,1.99,4.48
8.217,0.92,-3.88,9.33,-4.14,3.99,7.99,-0.04,-2.76,9.84,1.06,1.94,9.71,-1.36,-1.61,9.78,8.53,1.98,4.49
8.251,0.91,-3.86,9.34,-4.15,3.98,7.98,-0.03,-2.76,9.83,1.06,1.95,9.72,-1.35,-1.62,9.77,8.52,1.98,4.49
8.286,0.94,-3.68,9.52,-4.15,3.99,7.98,-0.07,-2.77,9.76,1.06,1.96,9.72,-1.35,-1.62,9.77,8.53,1.99,4.48
8.32,1.05,-5.21,9.17,-4.14,4,7.99,0.75,-2.66,10.12,1.06,1.92,9.73,-1.35,-1.63,9.77,8.53,1.98,4.49
8.354,0.5,-3.44,9.91,-4.12,4,8.01,-2.69,-7.33,7.65,1.06,2.02,9.65,-1.35,-1.62,9.78,8.53,1.99,4.49
8.389,0.95,-3.93,9.27,-4.16,3.99,7.98,1.59,1.68,9.53,0.92,1.9,9.64,-1.34,-1.61,9.78,8.53,1.99,4.49
8.423,0.73,-4.4,8.87,-4.16,3.97,7.99,-3.87,-6.14,5.4,1.28,2.1,9.82,-1.36,-1.61,9.77,8.52,1.98,4.48
8.458,1.69,-3.67,9.29,-4.1,4.04,8.08,1.52,12.46,11.25,0.76,1.79,9.62,-1.36,-1.62,9.79,8.53,1.98,4.49
8.493,1.53,-2.84,10.35,-4.13,4,8.03,2.71,1.04,13.84,1.38,2.04,9.62,-1.38,-1.61,9.73,8.53,1.98,4.49
8.527,5.23,-2.77,10.4,-4.11,4,8.02,-1.35,-3.38,8.72,1.2,1.76,9.7,-1.36,-1.62,9.77,8.53,1.99,4.48
8.562,-0.43,-3.01,8.07,-4.22,3.94,7.9,-0.51,-10.89,10.51,0.97,1.94,9.61,-1.36,-1.62,9.79,8.54,1.98,4.49
8.596,3.29,0.88,5.72,-4.19,3.96,7.92,-0.84,-6.31,10.2,1.49,2.04,9.98,-1.36,-1.63,9.73,8.53,2.01,4.49
8.631,-4.8,-2.79,13.33,-4.25,3.96,7.86,-0.45,-8.05,10.02,0.6,1.81,9.53,-1.35,-1.61,9.78,8.53,1.99,4.49
8.666,-0.18,-2.91,5.02,-3.91,4.19,8.05,-0.62,-9.66,8.57,0.99,1.9,9.72,-1.37,-1.64,9.75,8.53,1.98,4.48
8.7,0.83,-1.72,7.21,-4.21,3.94,7.92,-0.43,-8.75,4.58,1.31,2.08,9.81,-1.36,-1.63,9.77,8.53,1.99,4.48
8.735,3.14,-0.46,9.69,-4.12,4,7.98,0.66,-8.53,4.6,0.75,1.77,9.61,-1.36,-1.62,9.77,8.54,1.99,4.48
8.77,3.66,1.56,11.82,-4.09,3.98,8.05,-0.81,-12.38,3.14,1.04,2.01,9.6,-1.36,-1.63,9.75,8.53,1.99,4.48
8.804,0.31,0.98,11.58,-4.09,3.98,8.02,0.53,-12.41,2.81,0.95,1.93,9.73,-1.36,-1.61,9.78,8.54,1.98,4.49
8.839,1.18,4.05,13.58,-4.15,3.98,8,1.12,-9.41,3.72,1.16,1.92,9.86,-1.37,-1.62,9.76,8.53,2,4.48
8.873,0.58,5.67,12.82,-4.1,4,7.99,0.66,-10.53,1.54,0.98,1.9,9.66,-1.35,-1.62,9.78,8.53,1.99,4.48
8.908,0.57,4.92,8.21,-4.23,3.91,7.9,-0.21,-11.18,1.72,1.11,1.82,9.73,-1.34,-1.62,9.78,8.54,1.99,4.49
8.943,0.34,6.95,6.68,-4.04,4.01,7.99,0.72,-9.01,-0.85,1.12,1.96,9.75,-1.34,-1.62,9.8,8.53,1.99,4.48
8.978,-3.85,8.27,3.79,-4.01,4.05,7.93,0.85,-11.1,-0.84,1.16,1.92,9.77,-1.37,-1.65,9.74,8.53,1.98,4.49
9.013,0.13,8.55,3.38,-3.83,3.67,8.52,0.92,-11.53,0.6,0.95,1.85,9.64,-1.36,-1.62,9.79,8.53,1.99,4.49
9.048,-3.18,6.87,5.49,-1.64,4.37,9.77,1.66,-8.52,-1.04,1.08,1.89,9.89,-1.38,-1.63,9.76,8.54,1.99,4.49
9.082,-2.93,5.51,5.72,-5.8,5.11,8.5,0.38,-6.42,-1.93,0.76,1.82,9.77,-1.36,-1.61,9.83,8.52,1.98,4.49
9.117,-2.65,8.34,3.95,-4.66,6.74,11.02,-0.34,-6.69,-1.01,1.35,1.95,9.78,-1.36,-1.62,9.79,8.53,1.98,4.48
9.152,-2.51,9.18,2.14,-10.25,-1.91,3.76,-0.61,-8.74,-2.39,0.99,1.85,9.82,-1.34,-1.61,9.8,8.54,1.98,4.49
9.187,-3.29,8.07,1.39,-5.62,-1.71,4.29,-1.17,-9.36,0.37,1.91,1.56,9,-1.34,-1.61,9.8,8.53,1.99,4.49
9.222,-1.56,9,2.72,-11.2,0.73,8.84,-0.88,-6.76,-2.35,1.51,1.83,9.55,-1.36,-1.63,9.74,8.53,1.99,4.48
9.256,-4.65,9.55,3.21,-2.42,0.69,10.1,-2.48,-12.84,-1.91,1.53,1.95,9.76,-1.38,-1.63,9.71,8.54,1.97,4.49
9.291,-5.86,8.69,-1.23,-5.32,5.38,7.18,-1.18,-13.95,-0.18,1.1,1.82,9.77,-1.35,-1.62,9.8,8.53,1.98,4.49
9.326,-4.78,7.92,-0.06,-5.05,2.83,6.11,-1.04,-9.32,-2.05,1.12,1.51,9.66,-1.41,-1.63,9.68,8.52,1.99,4.49
9.361,-1.75,8.47,0.92,-9.6,0.22,6.53,-0.11,-8.58,-1.88,1.38,1.74,9.8,-1.35,-1.62,9.8,8.52,1.99,4.48
9.396,-2.01,8.27,0.5,-7.14,-0.63,6.15,-0.6,-8.71,-2.5,1.16,1.77,9.74,-1.38,-1.62,9.74,8.54,1.98,4.49
9.431,-2.36,9.33,0.88,-5.55,1.91,7.71,-1.29,-8.78,-3.02,1.21,1.75,9.78,-1.35,-1.62,9.78,8.53,1.98,4.48
9.464,-2.46,9.97,0.62,-6.04,1.51,7.55,-1.35,-7.43,-4.45,1.21,1.75,9.74,-1.36,-1.62,9.78,8.52,2,4.49
9.499,-2.99,9.14,-0.54,-5.91,1.7,8.01,-0.75,-8.66,-5.09,1.23,1.78,9.74,-1.37,-1.62,9.77,8.53,1.99,4.49
9.534,-2.51,8.84,0.36,-5.78,1.37,7.95,-1.23,-10.78,-3.05,1.24,1.77,9.74,-1.35,-1.63,9.78,8.52,1.99,4.49
9.569,-3.23,8.9,0.9,-5.71,1.46,8.07,-1.68,-11.02,-3.34,1.23,1.77,9.72,-1.37,-1.62,9.76,8.54,1.98,4.49
9.603,-3.16,8.64,1.55,-5.76,1.38,7.92,-2.26,-10.83,-3.37,1.26,1.79,9.75,-1.37,-1.62,9.77,8.53,1.98,4.49
9.637,-3.25,8.96,1.81,-5.62,1.4,7.98,-2.4,-12.23,-3.57,1.22,1.76,9.74,-1.36,-1.62,9.77,8.53,1.99,4.49
9.672,-3.3,10.2,1.71,-5.67,1.35,7.92,-2.08,-13.98,-2.56,1.21,1.77,9.73,-1.36,-1.62,9.78,8.53,1.97,4.49
9.707,-2.92,9.69,1.22,-5.66,1.36,7.94,-1.73,-13.04,-2.15,1.24,1.78,9.73,-1.37,-1.62,9.77,8.52,1.99,4.49
9.741,-2.84,8.57,1.93,-5.69,1.38,7.93,-0.45,-5.69,-1.57,1.24,1.74,9.77,-1.36,-1.62,9.78,8.52,1.99,4.49
9.776,-1.23,8.15,2.26,-5.61,1.46,7.98,-1.25,-3.09,-2.43,1.27,1.77,9.74,-1.37,-1.61,9.76,8.53,1.98,4.49
9.81,0.36,8.3,2.48,-5.67,1.32,7.96,-0.2,-2.64,-2.64,1.19,1.76,9.72,-1.36,-1.62,9.77,8.53,1.99,4.48
9.845,-0.24,8.46,1.47,-5.64,1.37,7.91,0.31,-2.1,-3.53,1.21,1.85,9.7,-1.36,-1.62,9.78,8.54,1.99,4.48
9.88,0.02,8.85,1.67,-5.58,1.53,8.12,0.74,-7.47,-6.93,1.2,1.8,9.71,-1.36,-1.62,9.76,8.53,1.97,4.48
9.914,-1.76,9.62,0.35,-5.62,1.38,7.91,-1.26,-22.04,-0.39,1.18,1.74,9.76,-1.36,-1.62,9.78,8.53,1.98,4.49
9.949,-4.84,11.11,-0.69,-5.75,1.4,7.89,-1.56,-15.91,-0.03,1.21,1.75,9.71,-1.36,-1.62,9.76,8.52,1.99,4.48
9.984,-3.55,11.02,1.04,-5.74,1.28,7.84,-3.93,-6.52,-5.93,1.22,1.73,9.76,-1.37,-1.62,9.78,8.53,1.98,4.49
10.018,-2.99,9.06,2.21,-5.69,1.38,7.93,-7.53,-5.1,-6.12,1.2,1.73,9.78,-1.37,-1.62,9.77,8.53,1.99,4.49
10.053,-1.62,7.75,2.38,-5.72,1.33,7.89,-3.17,-7.23,-1.96,1.12,1.78,9.69,-1.38,-1.62,9.76,8.53,1.99,4.49
10.088,-1.14,7.34,2.66,-5.61,1.44,8,0.14,-5.89,1.61,1.06,1.9,9.43,-1.38,-1.62,9.78,8.53,1.99,4.49
10.123,0.11,9.4,4.42,-5.69,1.29,7.93,-0.75,-2.19,0.3,1.25,1.72,10.09,-1.37,-1.62,9.74,8.53,1.99,4.49
10.158,-0.78,8.04,4.59,-5.68,1.33,7.92,0.18,-0.95,-1.78,1,1.76,9.66,-1.35,-1.63,9.8,8.53,1.98,4.49
10.192,-1.25,9.43,1.8,-5.63,1.33,7.96,-0.43,-16.58,-6.64,1.35,1.67,9.77,-1.37,-1.62,9.77,8.52,1.99,4.49
10.227,-4.14,9.83,-3.17,-5.19,1.42,8.28,0.44,-25.01,-0.16,1.08,1.77,9.92,-1.37,-1.62,9.76,8.54,2,4.49
10.262,-3.2,10.19,1.26,-6.11,0.86,7.56,-1.07,-7.4,-3.67,1.4,1.77,9.72,-1.35,-1.62,9.8,8.53,2,4.49
10.297,-2.82,9.15,4.04,-5.4,1.56,8.11,-7.29,-2.76,-6.5,1.21,1.9,9.73,-1.39,-1.63,9.73,8.53,1.98,4.49
10.332,-3.22,8.88,3.06,-5.85,1.15,7.77,-4.22,-9.21,-1.96,1.14,1.7,9.73,-1.34,-1.62,9.83,8.53,1.98,4.49
10.366,-2.52,8.8,0.3,-5.7,1.36,7.89,-2.44,-14.32,0.12,1.13,1.75,9.72,-1.37,-1.62,9.76,8.53,1.99,4.49
10.4,-0.78,9.46,0.6,-5.69,1.37,7.91,-2.49,-8.63,-1.34,1.2,1.78,9.74,-1.35,-1.62,9.79,8.53,1.99,4.49
10.435,-1.29,10.25,1.8,-5.75,1.3,7.87,-2.51,-6.9,-2.3,1.2,1.78,9.75,-1.36,-1.62,9.79,8.53,1.98,4.49
10.47,-1.13,9.1,0.59,-5.72,1.35,7.9,-2.18,-8.66,-3.06,1.15,1.73,9.75,-1.37,-1.62,9.74,8.52,1.98,4.49
10.505,-1.16,8.94,-0.33,-5.7,1.36,7.94,-1.57,-8.58,-4.01,1.15,1.76,9.74,-1.36,-1.63,9.79,8.53,1.99,4.49
10.54,-1.57,7.64,0.32,-5.72,1.32,7.88,-1.94,-8.4,-2.71,1.12,1.76,9.71,-1.37,-1.62,9.76,8.53,1.99,4.49
10.574,-1.95,7,1.06,-5.72,1.36,7.89,-1.49,-7.63,-2.31,1.12,1.76,9.71,-1.36,-1.62,9.78,8.52,1.98,4.49
10.609,-2.04,7.2,1.15,-5.68,1.38,7.91,-1.54,-5.97,-1.65,1.13,1.76,9.75,-1.36,-1.62,9.77,8.52,1.97,4.49
10.644,-2.29,5.95,0.67,-5.74,1.34,7.88,-1.61,-5.04,-2.2,1.2,1.84,9.92,-1.37,-1.61,9.77,8.53,1.99,4.48
10.679,-1.89,7.59,2.47,-5.68,1.4,7.88,-0.35,-6.69,-1.27,1.17,1.78,9.78,-1.36,-1.61,9.78,8.54,1.98,4.49
10.714,-3.75,11.11,4.74,-5.66,1.4,7.93,-1.11,-10.43,-3.46,1.21,1.81,9.79,-1.38,-1.63,9.77,8.53,1.99,4.48
10.748,-4.05,11.6,4.63,-5.76,1.29,7.87,-0.91,-13.59,-2.63,1.15,1.87,9.91,-1.37,-1.61,9.77,8.53,1.99,4.49
10.783,-4.25,12.31,3.97,-5.72,1.37,7.91,-0.14,-17.71,-3.37,1.59,1.56,9.7,-1.36,-1.63,9.78,8.51,1.99,4.49
10.818,-1.52,11.94,1.07,-5.94,1.29,7.69,-1.29,-15.99,-3.69,1.57,1.88,9.62,-1.36,-1.63,9.79,8.52,1.99,4.48
10.853,0.81,11.98,2.06,-5.11,1.61,8.23,-0.52,-9.35,-4.16,1.54,1.73,9.59,-1.37,-1.62,9.77,8.53,1.98,4.49
10.889,0.55,8.77,6.26,-6.07,1.11,7.62,0.14,-9.21,-5.53,1.11,1.72,9.69,-1.37,-1.62,9.77,8.53,1.98,4.49
10.923,0.67,7.37,3.16,-5.88,1.15,7.83,0.7,-7.43,-2.77,1.2,1.84,9.85,-1.37,-1.62,9.76,8.54,2,4.48
10.958,5.21,7.75,1.13,-6.26,1.45,7.46,2.67,-5.96,-3.16,1.38,1.89,9.67,-1.36,-1.62,9.78,8.54,1.98,4.49
10.993,1.91,5.41,0.4,-5.61,1.12,8.4,2.85,-6.95,-2.13,1.18,1.75,9.78,-1.36,-1.61,9.78,8.53,1.99,4.49
11.028,3.19,5.14,4.24,-5.46,1.49,8.05,6.06,-10.44,2.39,1.2,1.74,9.71,-1.36,-1.62,9.77,8.53,1.99,4.49
11.063,2.32,4.43,4.48,-5.38,1.43,8.02,7.51,-12.11,4.54,1.1,1.8,9.79,-1.37,-1.62,9.78,8.53,1.98,4.5
11.098,-0.51,3.34,4.33,-5.64,1.37,7.99,4.56,-4.51,4.37,1.08,1.75,9.53,-1.32,-1.53,9.86,8.54,1.99,4.48
11.132,1.31,3.42,6.46,-5.5,0.76,7.47,3.31,-1.06,1.34,1.21,1.78,9.85,-1.24,-1.6,9.86,8.53,1.99,4.49
11.167,2.55,6.36,7.76,-6.35,0.69,7.39,4.17,-6.92,2.65,1.2,1.92,9.76,-1.01,-1.69,9.89,8.53,1.99,4.49
11.202,7.46,11.77,12.29,-4.8,0.73,7.77,3.99,-11.55,3.14,1.15,1.64,9.6,-1.09,-1.66,9.84,8.53,1.99,4.48
11.238,5.54,7.27,9.6,-4.81,2.75,10.37,2.92,-9.23,4.2,1.09,1.95,9.75,-1.26,-1.61,9.64,8.53,1.99,4.49
11.273,3.04,6.21,7.71,-5.37,0.59,8.16,0.97,-8.64,2.67,1.34,2.02,9.83,-1.12,-1.61,9.91,8.54,1.98,4.5
11.308,0.01,6.69,7.41,-5.33,1.3,8.43,-1.67,-16.62,5.53,0.88,1.86,9.4,-1.18,-1.6,9.79,8.53,1.99,4.49
11.342,1.46,6.19,4.33,-4.98,1.16,8.35,-3.83,-21.49,7.03,1.31,1.87,9.8,-1.14,-1.59,9.89,8.53,1.99,4.49
11.377,-1.91,3.17,6.33,-5.36,0.95,7.95,-2.75,-11.27,6.98,1.14,1.67,9.48,-1.19,-1.6,9.79,8.52,1.99,4.49
11.412,-0.62,-7.6,19.44,-5.15,1.25,8.31,-1.86,-10.72,5.75,0.99,1.87,9.75,-1.18,-1.6,9.81,8.51,1.99,4.49
11.447,0.1,2.16,11.12,-5.31,1.04,8.28,-0.23,-12,3.61,1.21,1.89,9.71,-1.19,-1.62,9.79,8.53,1.99,4.49
11.482,-0.72,1.46,12.76,-5.18,1.16,8.3,0.68,-7.72,1.39,1.09,1.86,9.72,-1.2,-1.6,9.76,8.54,1.98,4.49
11.516,-0.48,4.78,7.44,-5.22,1.12,8.28,1.31,-10.4,3,1.07,1.87,9.69,-1.17,-1.6,9.85,8.53,1.99,4.49
11.551,0.71,4.73,9.12,-5.07,1.15,8.07,0.53,-5.35,-0.92,1.17,1.85,9.73,-1.22,-1.6,9.74,8.53,1.98,4.49
11.586,0.93,2.77,6.08,-5.2,1.19,8.35,0.64,-7.58,1.31,1.15,1.96,9.72,-1.17,-1.59,9.87,8.56,1.99,4.49
11.621,0.75,1.33,12.46,-5.2,1.26,8.4,-0.35,-10.82,3.63,1.08,1.85,9.71,-1.19,-1.6,9.79,8.53,1.99,4.49
11.656,-0.88,1.65,9.64,-5.07,1.15,8.18,-3.61,-7.73,-1.75,1.18,1.97,9.74,-1.21,-1.61,9.79,8.54,1.98,4.49
11.691,0.24,2.58,9.58,-5.5,0.85,8.14,-0.46,-10.33,0.7,1.13,1.9,9.7,-1.18,-1.61,9.82,8.54,1.99,4.49
11.725,0.39,3.07,8.83,-4.74,1.14,8.51,-0.58,-9.84,-1.18,1.08,1.86,9.69,-1.2,-1.63,9.8,8.53,1.98,4.49
11.759,0.6,3.05,9.52,-5.51,0.92,8.48,0.24,-9.51,-1.31,1.2,1.94,9.75,-1.2,-1.61,9.82,8.54,1.98,4.49
11.794,0.69,2.46,10.11,-5.21,1.19,8.33,-0.37,-9.63,0,1.09,1.83,9.71,-1.2,-1.62,9.8,8.53,1.98,4.49
11.829,0.65,2.96,9.33,-5.27,1.14,8.22,-0.72,-11.18,1,1.14,1.9,9.73,-1.19,-1.61,9.8,8.52,1.98,4.47
11.863,0.41,2.97,9.49,-5.17,1.12,8.31,-0.73,-9.95,0.04,1.13,1.89,9.72,-1.19,-1.6,9.82,8.52,1.99,4.48
11.897,0.48,2.84,9.65,-5.22,1.11,8.25,-0.12,-9.92,-0.26,1.13,1.87,9.73,-1.19,-1.61,9.81,8.54,1.98,4.49
11.932,0.47,2.84,9.58,-5.2,1.13,8.29,-0.46,-10.09,0.01,-9.33,12.35,-4.42,-1.21,-1.59,9.81,8.53,1.98,4.49
11.967,0.64,3.03,9.36,-5.22,1.13,8.27,-0.6,-10.26,0.16,13.46,-12.83,21.36,-1.29,-1.37,9.8,8.54,1.98,4.49
12.002,0.59,2.85,9.55,-5.2,1.13,8.29,-0.4,-10.14,0.23,-9.46,-0.9,9.47,-1.39,-1.95,10.3,8.53,1.98,4.49
12.037,0.55,2.92,9.48,-5.21,1.14,8.28,-0.5,-10.06,0.27,13.26,-3.43,6.76,-1.34,-0.82,9.48,8.54,1.97,4.48
12.071,0.57,2.88,9.54,-5.22,1.11,8.27,-0.57,-10.12,0.09,7.61,-0.27,6.21,-1.19,-2.66,9.74,8.55,1.96,4.47
12.106,0.54,2.88,9.52,-5.21,1.13,8.29,-0.43,-10.07,0.08,3.09,5.17,8.67,-1.21,-0.56,10.08,8.52,2.01,4.45
12.141,0.55,2.9,9.51,-5.22,1.12,8.27,-0.48,-10.07,0.07,6.14,5.96,4.65,-1.04,-2.32,9.68,8.52,2,4.49
12.176,0.54,2.89,9.52,-5.19,1.12,8.29,-0.49,-10.14,0.22,-1,-0.44,14.91,-0.93,-1.91,9.82,8.53,1.98,4.48
12.211,0.56,2.9,9.49,-5.22,1.12,8.27,-0.49,-10.08,0.17,3.92,0.92,10.12,-1.17,-1.69,9.56,8.52,1.99,4.47
12.246,0.53,2.9,9.52,-5.22,1.14,8.28,-0.47,-10.09,0.14,4.02,-0.11,7.35,-1.19,-1.52,9.9,8.53,1.98,4.49
12.279,0.56,2.9,9.48,-5.22,1.14,8.28,-0.45,-10.07,0.08,1.76,-0.91,8.91,-1.41,-1.15,9.7,8.53,1.99,4.49
12.314,0.53,2.88,9.51,-5.2,1.13,8.28,-0.46,-10.09,0.18,7.31,4.67,19.11,-1.24,-1.02,10.19,8.53,1.98,4.49
12.349,0.54,2.91,9.47,-5.21,1.13,8.28,-0.48,-10.11,0.16,-2.01,-1.75,10.42,-1.43,-1.35,9.99,8.55,1.98,4.49
12.384,0.52,2.9,9.5,-5.22,1.13,8.28,-0.47,-10.11,0.18,-1.59,-2.02,10.19,-1.11,-2,9.52,8.53,1.99,4.48
12.419,0.54,2.9,9.52,-5.22,1.13,8.29,-0.43,-10.08,0.12,-7.84,-1.35,10.91,-0.57,-2.19,9.97,8.52,1.99,4.49
12.453,0.54,2.89,9.5,-5.21,1.13,8.28,-0.48,-10.09,0.11,-4.62,3.28,20.15,-1.34,-1.39,9.56,8.54,1.99,4.49
12.488,0.56,2.88,9.5,-5.2,1.13,8.28,-0.45,-10.07,0.17,7.92,-3.56,17.33,-1.63,0.73,10.38,8.53,1.98,4.49
12.523,0.54,2.94,9.46,-5.2,1.12,8.28,-0.48,-10.13,0.14,10.71,1.09,7.63,0.22,-5.13,9.43,8.52,2.01,4.46
12.558,0.53,2.9,9.54,-5.2,1.14,8.29,-0.49,-10.1,0.12,-5.44,1.63,11.28,-1.1,-0.99,9.2,8.53,1.98,4.49
12.593,0.56,2.88,9.54,-5.21,1.13,8.29,-0.5,-10.1,0.15,4.45,-5.13,12,-1.35,-1.3,9.92,8.53,2.01,4.49
12.627,0.59,2.89,9.47,-5.21,1.12,8.29,-0.49,-10.11,0.21,0.66,-5.76,12.03,-0.46,-2.2,10,8.54,2,4.46
12.662,0.54,2.92,9.5,-5.2,1.14,8.28,-0.5,-10.17,0.14,1.13,-6.08,12.26,-0.76,-1.17,9.68,8.54,1.98,4.48
12.697,0.55,2.88,9.53,-5.21,1.13,8.29,-0.49,-10.08,0.13,-8.85,-5.82,3.62,-1.14,-0.98,9.77,8.54,1.99,4.48
12.732,0.54,2.9,9.48,-5.19,1.13,8.28,-0.49,-10.07,0.14,-11.41,-10.32,4,-0.75,-0.04,11.36,8.52,1.99,4.49
12.767,0.55,2.88,9.51,-5.21,1.13,8.27,-0.5,-10.08,0.14,6.18,-3.65,15.04,-0.11,-2.64,10.17,8.33,2.45,4.74
12.802,0.54,2.9,9.5,-5.21,1.13,8.27,-0.46,-10.08,0.2,2.15,-6.66,4.35,-0.4,-2.54,9.74,8.19,2.19,4.27
12.836,0.52,2.91,9.48,-5.2,1.12,8.28,-0.55,-10.1,0.11,-6.21,-2.88,2.85,-1.82,-1.53,8.82,7.35,3.02,4.1
12.871,0.53,2.92,9.5,-5.22,1.13,8.28,-0.47,-10.09,0.18,-12.99,-1.02,1.08,-0.48,-1.55,9.82,9.4,2.37,4.71
12.906,0.53,2.93,9.48,-5.2,1.13,8.29,-0.5,-10.1,0.14,-10.02,-2.33,2.93,-1.56,-1.09,10.5,8.04,1.93,4.84
12.941,0.58,2.88,9.56,-5.21,1.13,8.29,-0.47,-10.07,0.26,1.73,-7.36,7.86,-0.61,0,9.67,8.2,0.96,4.29
12.976,0.55,2.89,9.49,-5.21,1.14,8.27,-0.48,-10.08,0.13,-0.39,-9.17,10.96,-0.54,0.61,9.04,9.78,1.55,5.15
13.01,0.62,2.87,9.52,-5.2,1.13,8.28,-0.44,-10.06,0.14,-6.29,-7.2,5.78,-1.11,-3.24,12.29,8.43,2.28,4.92
13.046,0.55,2.88,9.54,-5.2,1.13,8.28,-0.5,-10.03,0.12,-9.91,-7.44,5.54,-1.92,-2.55,9.69,8.67,2.1,4.54
13.081,0.59,2.88,9.57,-5.21,1.14,8.29,-0.46,-10.05,0.2,-10.01,-3.98,0.51,1.16,-1.41,10.35,8.5,2,4.56
13.116,0.53,2.93,9.44,-5.21,1.12,8.28,-0.5,-10.07,0.16,-11.02,-2.1,2.12,0.51,-2.37,9.99,8.66,1.82,4.36
13.151,0.54,2.93,9.53,-5.21,1.13,8.29,-0.5,-10.12,0.2,-7.41,-3.22,10.56,-1.14,0.63,10.06,8.85,1.24,4.22
13.186,0.54,2.88,9.53,-5.2,1.13,8.27,-0.48,-10.05,0.15,3.12,-10.13,11.43,-0.36,0.54,9.98,8.51,1.89,4.19
13.22,0.55,2.91,9.47,-5.21,1.13,8.28,-0.5,-10.08,0.17,5.65,-12.13,11.55,-0.89,-3.51,8.9,8.44,1.99,4.39
13.255,0.55,2.89,9.52,-5.2,1.13,8.29,-0.49,-10.08,0.18,-4.35,-9.96,7.18,-1.03,0.51,10.82,8.47,1.85,4.55
13.29,0.54,2.89,9.52,-5.2,1.13,8.28,-0.46,-10.1,0.19,-10.89,-6.14,2.61,-1.84,-1.19,8.54,8.32,2.16,4.72
13.325,0.55,2.91,9.49,-5.2,1.13,8.28,-0.48,-10.09,0.15,-9.48,-7.02,2.06,3.68,-1.08,9.52,8.23,2.76,5.1
13.36,0.53,2.89,9.52,-5.21,1.13,8.29,-0.46,-10.09,0.22,-9.58,-4.91,1.08,-0.13,-1.29,11.05,8.86,0.93,4.36
13.394,0.55,2.92,9.46,-5.2,1.13,8.28,-0.49,-10.09,0.19,-12.15,-1.42,1.69,-0.85,-0.66,9.53,8.53,1.11,4.69
13.429,0.54,2.88,9.51,-5.2,1.13,8.28,-0.47,-10.12,0.19,-5.73,-5.31,9.16,-2.29,-1.02,9.9,8.46,1.82,4.65
13.464,0.53,2.9,9.52,-5.21,1.14,8.3,-0.5,-10.05,0.11,3.94,-11.47,13.06,1.19,0.83,10.86,8.55,2.18,4.31
13.499,0.54,2.89,9.51,-5.2,1.13,8.28,-0.49,-10.09,0.2,2.94,-12.34,9.52,-2.73,-5.06,8.2,8.51,1.78,4.65
13.534,0.55,2.9,9.5,-5.19,1.13,8.28,-0.49,-10.06,0.15,-4.85,-5.76,6.11,-3.75,-1.53,10.33,8.55,1.85,4.58
13.569,0.55,2.88,9.52,-5.2,1.13,8.28,-0.49,-10.11,0.2,-10.11,-6.61,5.78,0.27,-0.43,9.19,8.54,1.86,4.57
13.603,0.56,2.88,9.53,-5.2,1.13,8.28,-0.46,-10.07,0.14,-11.72,-4.04,-0.12,-0.15,-1.72,9.16,8.54,1.89,4.54
13.638,0.54,2.9,9.51,-5.2,1.12,8.27,-0.48,-10.07,0.22,-10.36,-3.2,0.57,-0.41,-0.85,10.16,8.53,1.89,4.57
13.673,0.55,2.86,9.51,-5.2,1.13,8.28,-0.49,-10.1,0.19,-6.94,-5.2,4.35,-1.99,-0.67,10.04,8.52,1.92,4.54
13.708,0.52,2.91,9.47,-5.21,1.13,8.29,-0.48,-10.1,0.2,1.72,-8.28,12.17,-0.08,-2.12,10.02,8.53,1.91,4.52
13.743,0.52,2.88,9.51,-5.2,1.14,8.29,-0.49,-10.06,0.18,2.47,-6.84,11.24,-1.89,-1.86,10.07,8.53,1.91,4.53
13.777,0.53,2.89,9.5,-5.2,1.13,8.29,-0.49,-10.08,0.16,-7.78,-6.76,2.4,-1.43,-0.63,9.91,8.53,1.91,4.51
13.812,0.53,2.89,9.5,-5.21,1.14,8.29,-0.49,-10.11,0.21,-9.89,-6.32,2.37,0.41,-1,9.72,8.52,1.9,4.53
13.847,0.53,2.89,9.51,-5.2,1.12,8.27,-0.48,-10.08,0.16,-7.15,-3.28,4.6,-0.68,-1.38,9.92,8.53,1.89,4.53
13.882,0.55,2.89,9.47,-5.2,1.13,8.28,-0.48,-10.09,0.2,-3.67,-4.64,4.35,-0.73,-1,9.87,8.53,1.9,4.54
13.917,0.53,2.88,9.52,-5.19,1.12,8.28,-0.5,-10.08,0.2,-3.48,-8.26,8.23,-0.67,-0.76,10.14,8.53,1.91,4.54
13.95,0.54,2.88,9.49,-5.19,1.13,8.28,-0.48,-10.09,0.18,-3.59,-6.81,7.33,-1.55,-1.29,8.94,8.54,1.9,4.54
13.985,0.53,2.86,9.54,-5.21,1.14,8.28,-0.47,-10.09,0.2,-2.37,-6.66,6.9,0.11,-0.95,11.07,8.54,1.91,4.54
14.02,0.54,2.88,9.5,-5.2,1.13,8.3,-0.48,-10.09,0.16,-2.23,-6.11,7.25,-0.61,-1.56,9.57,8.54,1.9,4.53
14.055,0.53,2.88,9.51,-5.19,1.14,8.29,-0.48,-10.09,0.2,-2.41,-6.41,6.79,-1.87,-1.43,9.55,8.54,1.91,4.53
14.09,0.54,2.88,9.5,-5.22,1.12,8.28,-0.48,-10.08,0.19,-2.07,-5.81,7.98,-0.36,-0.73,10.12,8.54,1.9,4.53
14.125,0.53,2.88,9.51,-5.19,1.13,8.28,-0.48,-10.08,0.18,-3.23,-5.42,8.57,-0.49,-1.38,9.89,8.52,1.91,4.54
14.158,0.53,2.89,9.51,-5.2,1.13,8.3,-0.49,-10.1,0.18,-3.36,-5.81,7.56,-0.53,-1.02,9.96,8.53,1.9,4.52
14.193,0.54,2.88,9.49,-5.2,1.14,8.26,-0.49,-10.08,0.18,-2.4,-5.97,7.81,-0.62,-1.03,9.91,8.54,1.9,4.54
14.228,0.53,2.89,9.5,-5.2,1.13,8.3,-0.5,-10.08,0.19,-1.84,-5.59,8.51,-0.56,-1.16,9.92,8.51,1.9,4.53
14.262,0.54,2.88,9.51,-5.22,1.12,8.3,-0.49,-10.08,0.2,-1.82,-5.59,8.54,-0.54,-1.31,9.8,8.54,1.9,4.52
14.297,0.53,2.88,9.51,-5.2,1.14,8.26,-0.49,-10.09,0.18,-1.92,-5.49,8.08,-0.54,-1.08,9.97,8.53,1.9,4.52
14.331,0.54,2.88,9.51,-5.2,1.13,8.29,-0.48,-10.08,0.18,-0.01,-1.83,5.18,-0.54,-1.26,9.86,8.53,1.91,4.52
14.365,0.52,2.88,9.5,-5.22,1.13,8.3,-0.49,-10.1,0.19,-2.59,-2.48,5.17,-0.46,-1.19,10.08,8.53,1.9,4.55
14.4,0.54,2.88,9.51,-5.19,1.14,8.28,-0.48,-10.09,0.19,-1.15,-2.8,7.05,-0.9,-0.57,9.9,8.54,1.9,4.52
14.435,0.55,2.87,9.51,-5.19,1.14,8.29,-0.49,-10.09,0.18,-1.17,-1.95,0.54,-0.61,-1.26,9.86,8.54,1.9,4.54
14.47,0.52,2.89,9.52,-5.2,1.14,8.28,-0.49,-10.08,0.17,1.13,1.09,1.81,-0.44,-1.05,10.08,8.52,1.9,4.54
14.504,0.54,2.88,9.5,-5.21,1.12,8.3,-0.47,-10.1,0.24,7.98,3.15,36.59,-0.21,-1.28,10.15,8.53,1.89,4.53
14.539,0.53,2.87,9.53,-5.19,1.13,8.29,-0.47,-10.09,0.21,-2.43,-5.92,3.26,-0.66,-0.85,9.79,8.53,1.9,4.52
14.574,0.54,2.87,9.48,-5.2,1.13,8.29,-0.52,-10.08,0.14,-0.82,-9.15,14.85,-0.37,-2.46,9.27,8.53,1.9,4.53
14.609,0.54,2.89,9.48,-5.2,1.13,8.29,-0.47,-10.02,0.24,-2.16,-3.69,9.04,-0.77,-1.03,9.97,8.53,1.91,4.54
14.644,0.56,2.86,9.53,-5.21,1.12,8.28,-0.5,-10.13,0.22,-4.81,-3.31,9.45,-0.79,-1.72,9.52,8.53,1.91,4.54
14.679,0.55,2.88,9.51,-5.19,1.13,8.29,-0.48,-10.13,0.22,-2.93,-3.33,8.35,-1.12,-0.77,9.86,8.53,1.91,4.54
14.712,0.54,2.87,9.54,-5.21,1.12,8.29,-0.49,-10.1,0.2,-1.54,-3.66,8.92,-0.79,-1.21,9.94,8.52,1.9,4.54
14.747,0.54,2.88,9.5,-5.2,1.13,8.28,-0.5,-10.09,0.14,-1.37,-3.76,9.59,-0.82,-1.24,9.91,8.53,1.91,4.53
14.782,0.54,2.88,9.51,-5.2,1.13,8.29,-0.49,-10.1,0.23,-1.35,-3.7,9.45,-0.83,-1.18,9.92,8.53,1.9,4.53
14.816,0.54,2.87,9.5,-5.2,1.14,8.28,-0.5,-10.09,0.17,-1.41,-3.79,9.11,-0.82,-1.2,9.9,8.53,1.91,4.53
14.851,0.54,2.88,9.51,-5.2,1.12,8.28,-0.47,-10.08,0.21,-1.4,-3.8,9.2,-0.82,-1.22,9.89,8.52,1.9,4.54
14.884,0.53,2.87,9.51,-5.2,1.13,8.28,-0.51,-10.09,0.21,-1.41,-3.78,9.19,-0.82,-1.19,9.9,8.52,1.9,4.53
14.919,0.53,2.88,9.5,-5.19,1.13,8.28,-0.48,-10.09,0.19,-1.49,-3.8,9.07,-0.82,-1.2,9.89,8.53,1.91,4.53
14.954,0.53,2.87,9.51,-5.19,1.13,8.28,-0.49,-10.1,0.2,-1.42,-3.8,9.19,-0.82,-1.21,9.89,8.52,1.89,4.53
14.988,0.54,2.88,9.51,-5.2,1.13,8.29,-0.49,-10.08,0.18,-1.4,-3.78,9.2,-0.83,-1.21,9.89,8.53,1.91,4.53
15.023,0.53,2.87,9.52,-5.19,1.14,8.28,-0.5,-10.09,0.19,-1.4,-3.8,9.21,-0.83,-1.2,9.89,8.54,1.9,4.54
15.057,0.53,2.87,9.52,-5.2,1.14,8.28,-0.49,-10.09,0.21,-1.41,-3.77,9.17,-0.83,-1.2,9.89,8.54,1.89,4.54
15.091,0.53,2.87,9.51,-5.21,1.13,8.29,-0.49,-10.09,0.2,-1.43,-3.79,9.17,-0.83,-1.21,9.89,8.54,1.9,4.53
15.126,0.54,2.87,9.51,-5.2,1.13,8.29,-0.49,-10.08,0.19,-1.41,-3.79,9.18,-0.84,-1.2,9.88,8.53,1.89,4.53
15.16,0.53,2.88,9.51,-5.2,1.13,8.28,-0.51,-10.09,0.19,-1.39,-3.78,9.19,-0.83,-1.2,9.9,8.53,1.91,4.53
15.195,0.53,2.88,9.51,-5.2,1.13,8.29,-0.49,-10.09,0.2,-1.41,-3.79,9.18,-0.82,-1.21,9.89,8.52,1.9,4.53
15.229,0.53,2.87,9.51,-5.19,1.13,8.29,-0.49,-10.08,0.2,-1.43,-3.79,9.16,-0.84,-1.2,9.9,8.53,1.9,4.53
15.263,0.53,2.88,9.51,-5.19,1.13,8.29,-0.49,-10.08,0.2,-1.4,-3.79,9.19,-0.84,-1.2,9.89,8.54,1.89,4.53
15.298,0.54,2.87,9.51,-5.2,1.14,8.29,-0.48,-10.08,0.19,-1.4,-3.79,9.18,-0.84,-1.2,9.9,8.53,1.91,4.53
15.332,0.53,2.87,9.51,-5.19,1.13,8.29,-0.5,-10.08,0.2,-1.41,-3.8,9.18,-0.83,-1.2,9.91,8.53,1.91,4.53
15.367,0.53,2.87,9.5,-5.19,1.13,8.28,-0.5,-10.09,0.19,-1.39,-3.8,9.17,-0.83,-1.2,9.9,8.53,1.9,4.53
15.401,0.53,2.88,9.52,-5.2,1.13,8.29,-0.49,-10.1,0.19,-1.39,-3.78,9.19,-0.83,-1.2,9.89,8.53,1.91,4.52
15.435,0.53,2.87,9.5,-5.2,1.13,8.29,-0.48,-10.09,0.19,-1.4,-3.78,9.18,-0.83,-1.2,9.9,8.53,1.9,4.53
15.47,0.53,2.88,9.5,-5.2,1.14,8.3,-0.5,-10.08,0.19,-1.4,-3.79,9.17,-0.83,-1.2,9.9,8.53,1.9,4.53
15.504,0.54,2.88,9.51,-5.19,1.13,8.29,-0.49,-10.08,0.2,-1.41,-3.78,9.18,-0.83,-1.21,9.89,8.54,1.91,4.53
15.539,0.53,2.88,9.51,-5.21,1.13,8.29,-0.49,-10.09,0.2,-1.39,-3.8,9.18,-0.84,-1.2,9.9,8.53,1.9,4.54
15.574,0.55,2.87,9.51,-5.2,1.14,8.28,-0.49,-10.08,0.2,-1.42,-3.73,9.22,-0.97,-1.39,11.27,8.53,1.9,4.53
15.607,0.56,2.84,9.54,-5.19,1.14,8.28,-0.44,-10.08,0.22,-1.39,-3.72,9.38,-1.35,-2.99,5.77,8.53,1.9,4.53
15.642,0.66,2.78,9.44,-5.2,1.13,8.28,-0.46,-10.11,0.18,-1.42,-3.71,9.07,-3.94,-0.78,7.2,8.54,1.89,4.52
15.677,0.51,2.81,9.65,-5.21,1.14,8.28,-0.46,-10.1,0.25,-1.72,-3.13,9.37,-1.65,9.19,5.34,7.92,3.33,5.34
15.712,0.57,2.8,9.54,-5.19,1.13,8.29,-0.45,-10.08,0.14,-1.38,-3.78,8.53,-6.02,4.04,8.17,6.37,4.65,7.2
15.748,0.58,2.79,9.57,-5.2,1.13,8.28,-0.42,-10.06,0.23,-0.88,-4.04,8.79,7.62,-0.88,7.43,5.52,7.09,8.49
15.782,0.53,2.74,9.59,-5.21,1.14,8.28,-0.5,-10.04,0.2,-0.72,-4.29,9,-3.15,-2.56,11.5,14.85,5.15,8.38
15.817,0.63,2.78,9.57,-5.2,1.14,8.28,-0.5,-10.11,0.16,-0.42,-4.77,8.75,-2.7,1.21,9.51,4.5,4.09,4.29
15.852,0.46,2.78,9.56,-5.2,1.13,8.28,-0.55,-10.08,0.18,-0.4,-4.68,9.78,-3.54,-5.03,6.64,10.9,1,3.77
15.887,0.57,2.89,9.61,-5.19,1.13,8.28,-0.49,-10.06,0.21,0.05,-4.16,9.05,0.2,-7.38,8.39,7.03,1.5,3.56
15.923,0.38,2.83,9.61,-5.21,1.13,8.28,-0.32,-9.79,0.09,0.62,-4.25,8.81,6.05,-2.02,10.02,9.94,-1.62,4.15
15.958,0.52,2.91,9.45,-5.2,1.13,8.29,-0.68,-10.02,0.38,-0.44,-4.24,8.88,3.71,-10.2,13.51,5.93,-0.6,2.46
15.992,0.52,2.87,9.52,-5.2,1.13,8.3,-0.51,-10.15,0.28,0.1,-3.91,9.37,1.31,-5.56,10.26,5,-2.57,1.81
16.027,0.59,2.9,9.59,-5.2,1.13,8.29,-0.53,-10.06,0.28,-0.15,-3.78,9.72,6.76,-4.22,8.48,14.24,-1.06,6.39
16.062,0.52,2.97,9.44,-5.2,1.12,8.29,-0.58,-10.05,0.24,0.21,-3.88,9.55,6.73,-4.13,7.98,8.96,3.62,4.62
16.096,0.51,2.94,9.44,-5.2,1.13,8.3,-0.54,-10.04,0.24,-0.16,-3.99,9.18,5.71,-1.36,8.05,8.56,1.8,5.25
16.131,0.51,2.88,9.54,-5.19,1.12,8.29,-0.6,-10.09,0.31,-0.18,-4.02,9.34,4.21,-3.39,9.35,8.64,1.8,4.9
16.165,0.53,2.9,9.52,-5.19,1.13,8.28,-0.56,-10.13,0.32,-0.06,-4.33,8.62,4.04,1.42,5.78,8.53,1.84,4.7
16.2,0.54,2.93,9.52,-5.2,1.13,8.29,-0.57,-10.1,0.25,0.42,-5.27,7.96,3.79,-2.05,7.98,8.51,1.91,4.48
16.235,0.49,2.93,9.57,-5.21,1.13,8.28,-0.57,-10.06,0.24,1.46,-5.67,9.98,2.35,-0.17,6.02,8.54,1.93,4.56
16.269,0.55,2.98,9.46,-5.2,1.12,8.27,-0.54,-10.06,0.29,-3.56,-0.81,9.4,1.17,0.57,4.86,8.49,1.93,4.64
16.304,0.51,2.97,9.45,-5.21,1.13,8.28,-0.58,-10.05,0.26,-1.83,-2.47,9.27,1.25,3.06,3.59,8.43,1.93,4.65
16.338,0.51,2.95,9.45,-5.19,1.14,8.28,-0.57,-10.08,0.3,-0.64,-3.83,9.01,1.89,-0.18,8.85,8.38,1.94,4.68
16.373,0.64,2.76,9.86,-5.19,1.13,8.3,-0.6,-10.07,0.24,-0.43,-3.74,9.31,4.14,-5.21,10.43,8.51,1.92,4.62
16.408,0.42,2.82,9.54,-5.2,1.13,8.28,-0.62,-9.98,0.17,-0.51,-3.33,9.53,4.78,-5.01,16.43,8.27,2.06,4.86
16.443,0.65,2.85,9.63,-5.2,1.14,8.28,-0.57,-10.15,0.32,-0.45,-3.49,9.4,3.61,-2.08,14.01,8.56,1.88,4.59
16.478,0.52,2.94,9.52,-5.2,1.13,8.29,-0.59,-10.09,0.3,-0.38,-3.52,9.4,2.84,0.59,9.32,8.53,1.77,4.93
16.513,0.48,3.03,9.36,-5.2,1.12,8.28,-0.58,-10.11,0.32,-0.22,-3.28,9.63,3.09,1.4,6.83,8.21,1.85,4.29
16.547,0.45,3.01,9.4,-5.2,1.12,8.28,-0.66,-10.1,0.31,-0.48,-3.39,9.35,5.58,0.56,5.75,8.55,1.85,4.83
16.582,0.34,2.93,9.42,-5.2,1.13,8.29,-0.65,-10.04,0.22,-0.39,-3.44,9.47,8.98,-0.24,4.21,8.52,1.81,4.73
16.617,0.36,3.04,9.48,-5.19,1.12,8.29,-0.69,-10.24,0.31,-0.4,-3.39,9.49,9.76,-4.62,10.15,8.42,2.1,4.8
16.652,0.42,3,9.41,-5.19,1.14,8.28,-0.67,-10.12,0.38,-0.59,-3.74,9.13,7.93,-3.4,9.56,7.81,2.63,5.29
16.687,0.56,2.9,9.58,-5.2,1.13,8.28,-0.72,-10.03,0.4,-0.48,-3.49,9.4,6.29,-0.9,11.17,7.65,2.95,4.32
16.721,0.5,3.44,9.34,-5.2,1.13,8.29,-0.64,-10.05,0.5,-0.48,-3.54,9.4,-0.18,-2.34,13.66,9.3,2.27,5.47
16.756,0.54,3.09,9.36,-5.19,1.13,8.28,-0.65,-10.05,0.33,-0.48,-3.57,9.28,2.87,-0.99,9.52,6.2,2.83,5.92
16.791,0.52,3.04,9.5,-5.2,1.13,8.29,-0.75,-10.13,0.53,-0.47,-3.52,9.38,2.27,-1.56,9.61,9.04,1.26,4.36
16.826,0.5,3.13,9.39,-5.2,1.13,8.28,-0.66,-10.05,0.3,-0.45,-3.56,9.32,1.48,-0.34,10.21,12.23,2.27,3.9
16.861,0.48,3.04,9.48,-5.21,1.12,8.29,-0.7,-10.08,0.44,-0.44,-3.51,9.38,-0.29,-2.27,12.31,6.75,2.4,4.17
16.896,0.56,3.17,9.44,-5.21,1.13,8.28,-0.72,-10.07,0.4,-0.43,-3.5,9.4,-3.21,0.96,11.62,3.73,-1.8,3.43
16.93,0.44,3.24,9.45,-5.19,1.14,8.29,-0.65,-10.09,0.44,-0.46,-3.52,9.38,-0.61,3.76,11.82,11.79,-1.18,5.16
16.965,0.54,3.08,9.38,-5.2,1.14,8.28,-0.71,-10.07,0.42,-0.5,-3.5,9.36,4.69,3.44,9.45,9.28,2.19,5.67
17,0.52,3.08,9.27,-5.2,1.13,8.29,-0.7,-10.03,0.38,-0.53,-3.49,9.33,7.7,2.53,4.93,8.62,2.48,3.41
17.035,0.68,2.86,9.75,-5.19,1.13,8.29,-0.67,-10.07,0.47,-0.34,-3.56,9.35,13.73,0.14,3.58,7.3,1.73,5.36
17.07,0.6,2.98,9.44,-5.2,1.13,8.29,-0.7,-10.13,0.47,-0.43,-3.42,9.45,14.78,-2.76,3.58,9.85,1.25,2.99
17.104,0.55,3.1,9.28,-5.2,1.12,8.29,-0.61,-10.04,0.36,-0.44,-3.54,9.36,14.99,-2.08,1.8,9.03,2.14,4.68
17.139,0.5,3.01,9.42,-5.2,1.14,8.28,-0.72,-10.08,0.48,-0.53,-3.43,9.41,12.67,2.35,8.9,9.07,2.28,6.23
17.174,0.54,3.05,9.33,-5.2,1.14,8.29,-0.67,-10.07,0.42,-0.41,-3.56,9.35,11.65,2.58,5.72,8.21,0.92,3.95
17.209,0.38,2.92,9.47,-5.2,1.12,8.29,-0.71,-10.05,0.46,-0.38,-3.46,9.48,6.89,0.85,9.05,7.51,2.89,5.82
17.244,0.42,2.87,9.52,-5.2,1.13,8.29,-0.7,-10.08,0.45,-0.54,-3.45,9.36,7.09,-1.44,7.61,8.26,1.65,4.97
17.278,0.52,2.93,9.61,-5.21,1.13,8.28,-0.69,-10.09,0.33,-0.42,-3.5,9.39,3.69,-2.31,10.85,8.66,1.74,5.2
17.313,0.5,3.17,9.15,-5.2,1.12,8.29,-0.75,-10.08,0.49,-0.44,-3.54,9.36,2.09,-2.01,11.59,6.83,2.17,6.35
17.348,0.46,3.08,9.46,-5.19,1.13,8.28,-0.74,-10.17,0.45,-0.51,-3.5,9.34,1.51,-2.43,10.49,7.71,1.98,5.47
17.383,0.36,3.08,9.44,-5.2,1.13,8.29,-0.73,-10.15,0.54,-0.39,-3.44,9.55,2.62,-2.41,9.37,9.58,2.37,2.81
17.418,0.45,3.08,9.45,-5.19,1.13,8.3,-0.71,-10.05,0.41,-0.45,-3.5,9.39,4.26,-2.7,8.94,8.92,1.41,4.17
17.453,0.5,3.11,9.4,-5.2,1.14,8.29,-0.71,-10.04,0.38,-0.43,-3.49,9.39,-0.25,-0.42,12.23,8.93,1.24,4.88
17.487,0.51,3.04,9.43,-5.21,1.12,8.3,-0.73,-10.11,0.48,-0.45,-3.56,9.3,0.09,1.03,9.92,8.56,1.74,4.03
17.521,0.51,3.12,9.43,-5.2,1.13,8.28,-0.7,-10.07,0.42,-0.45,-3.52,9.37,4.96,-0.53,7.58,8.77,1.59,4.2
17.556,0.51,3.06,9.47,-5.19,1.14,8.28,-0.74,-10.08,0.44,-0.45,-3.51,9.38,5.95,-1,6.11,8.54,1.97,4.45
17.591,0.51,3.1,9.39,-5.19,1.13,8.29,-0.73,-10.08,0.43,-0.45,-3.55,9.3,7.26,-1.32,5.9,8.51,1.93,4.66
17.626,0.5,3.1,9.42,-5.2,1.13,8.3,-0.72,-10.07,0.42,-0.55,-3.46,9.4,8.29,-1.72,4.74,8.48,2.17,4.61
17.66,0.52,3.06,9.45,-5.2,1.13,8.29,-0.73,-10.07,0.44,-0.51,-3.51,9.35,8.72,-2.19,6.69,8.62,1.84,4.62
17.695,0.52,3.1,9.41,-5.2,1.14,8.29,-0.73,-10.07,0.44,-0.48,-3.51,9.37,8.67,-0.93,6.13,8.67,2.23,4.72
17.729,0.5,3.09,9.44,-5.2,1.13,8.29,-0.72,-10.07,0.43,-0.48,-3.56,9.31,8.82,-0.07,6.51,8.65,1.9,4.52
17.764,0.52,3.04,9.44,-5.19,1.13,8.28,-0.72,-10.09,0.44,-0.44,-3.47,9.4,4.6,-1.51,7.47,8.56,1.94,4.49
17.799,0.51,3.01,9.52,-5.2,1.14,8.29,-0.72,-10.07,0.43,-0.51,-3.48,9.36,6.7,-0.94,7.23,8.52,1.96,4.45
17.833,0.41,3.06,9.44,-5.21,1.13,8.28,-0.74,-10.08,0.4,-0.45,-3.54,9.36,4.17,-0.32,7.52,8.29,1.95,4.48
17.868,0.54,3.01,9.52,-5.19,1.13,8.29,-0.72,-10.1,0.46,-0.2,-3.45,9.44,4.03,-0.77,9.86,8.55,1.95,4.59
17.903,0.34,3.08,9.35,-5.2,1.14,8.29,-0.72,-10.1,0.41,-0.35,-3.44,9.39,1.87,-2.31,10.38,8.51,1.89,4.61
17.937,0.48,3.13,9.34,-5.21,1.13,8.28,-0.75,-10.1,0.46,-0.42,-3.46,9.34,6.25,-2.24,8.18,8.52,1.9,4.58
17.972,0.45,2.96,9.55,-5.19,1.14,8.28,-0.7,-10.06,0.42,-0.36,-3.47,9.38,6.82,-4.85,9.3,8.5,1.94,4.58
18.007,0.49,3.09,9.42,-5.2,1.13,8.29,-0.75,-10.06,0.43,-0.36,-3.44,9.4,7,-4.18,9.59,8.51,1.95,4.54
18.041,0.46,3,9.48,-5.19,1.14,8.28,-0.73,-10.08,0.46,-0.38,-3.46,9.39,3.05,-2.93,10.29,8.48,1.97,4.57
18.076,0.51,3.01,9.48,-5.21,1.12,8.28,-0.73,-10.07,0.42,-0.4,-3.41,9.4,0.31,-2.15,10.84,8.46,2.06,4.49
18.11,0.49,3.06,9.43,-5.21,1.12,8.28,-0.74,-10.08,0.45,-0.32,-3.41,9.46,0.64,-2.67,10.93,8.54,1.78,4.5
18.145,0.54,3.04,9.51,-5.2,1.13,8.28,-0.74,-10.08,0.42,-0.37,-3.44,9.43,1.79,-2.58,10.13,8.46,1.99,4.43
18.18,0.48,3.16,9.33,-5.19,1.13,8.28,-0.75,-10.09,0.43,-0.36,-3.38,9.51,2.72,-2.2,9.74,8.52,1.92,4.5
18.214,0.55,3.13,9.36,-5.2,1.13,8.29,-0.72,-10.07,0.45,-0.43,-3.48,9.38,3.51,-2.87,9.64,8.56,1.62,4.5
18.249,0.57,2.99,9.56,-5.19,1.13,8.29,-0.75,-10.07,0.46,-0.4,-3.39,9.4,6.51,-0.79,6.89,8.05,2.18,4.87
18.284,0.59,3.07,9.45,-5.19,1.12,8.28,-0.72,-10.05,0.4,-0.35,-3.42,9.39,9.1,-1.41,6.48,8.53,1.93,4.36
18.319,0.54,3.07,9.48,-5.19,1.12,8.29,-0.75,-10.08,0.48,-0.37,-3.39,9.43,8.52,-0.99,5.5,8.73,2.72,4.69
18.354,0.54,3.02,9.46,-5.21,1.12,8.29,-0.71,-10.08,0.44,-0.36,-3.45,9.37,7.76,-1.42,5.2,8.76,1.49,4.71
18.388,0.56,3.03,9.45,-5.19,1.14,8.29,-0.72,-10.04,0.44,-0.48,-3.34,9.56,9.6,-0.71,5.32,8.23,2.33,4.47
18.422,0.22,3.15,9.08,-5.19,1.14,8.28,-0.67,-10.13,0.45,-0.41,-3.47,9.34,11,-2.41,4.9,7.85,2.4,4.73
18.457,0.47,2.88,9.57,-5.2,1.14,8.28,-0.73,-10.1,0.48,-0.44,-3.59,9.19,12.46,-3.1,4.33,8.46,1.72,4.67
18.492,0.47,3.04,9.36,-5.19,1.12,8.29,-0.7,-10.03,0.35,-0.34,-3.37,9.45,11.07,-1.16,5.4,8.48,2,4.65
18.527,0.49,2.88,9.57,-5.2,1.12,8.28,-0.78,-10.08,0.47,-0.39,-3.42,9.43,9.87,-2.36,5.33,8.41,1.91,4.42
18.562,0.53,2.92,9.5,-5.2,1.14,8.28,-0.7,-10.1,0.45,-0.32,-3.32,9.58,8.63,-3.42,5.04,8.92,1.73,4.08
18.596,0.57,2.86,9.6,-5.19,1.13,8.28,-0.71,-10.07,0.52,-0.1,-3.15,10.02,6.6,-3.71,6.11,8,2.17,4.8
18.631,0.49,3.02,9.38,-5.2,1.12,8.29,-0.76,-10,0.41,-0.62,-3.52,9.43,4.93,-2.39,8.54,8.98,1.51,4.05
18.665,0.48,2.94,9.5,-5.19,1.14,8.29,-0.71,-10.03,0.39,-0.66,-3.84,9,4.3,-5.29,9.01,8.93,1.8,4.23
18.7,0.44,3.13,9.22,-5.19,1.14,8.29,-0.73,-10.07,0.5,-0.51,-3.57,9.31,3.96,-4.87,8.94,8.2,2.03,4.77
18.735,0.64,2.95,9.62,-5.2,1.13,8.29,-0.75,-10.08,0.43,-0.43,-3.68,9.37,2.94,-3.47,9.15,8.31,2.04,4.71
18.769,0.52,3.05,9.4,-5.2,1.13,8.28,-0.8,-10.09,0.6,-0.38,-3.68,9.18,3.2,-3.33,8.79,8.47,1.88,4.6
18.804,0.55,3.07,9.47,-5.19,1.12,8.28,-0.7,-10.02,0.39,-0.34,-3.6,9.45,3.25,-2.52,7.63,8.48,1.92,4.7
18.839,0.52,3.08,9.47,-5.2,1.13,8.29,-0.75,-10.08,0.5,-0.38,-3.57,9.2,6.2,-2.06,5.99,8.5,2,4.47
18.873,0.51,3.12,9.42,-5.19,1.13,8.3,-1.1,-10.16,0.17,-0.16,-3.15,9.88,4.66,-0.84,5.9,8.53,1.95,4.57
18.908,0.55,2.95,9.7,-5.26,1.19,8.16,-0.7,-10.36,0.96,-0.65,-3.69,8.95,3.6,-2.08,5.6,9.14,1.69,4.54
18.942,0.45,3.25,9.08,-5.16,1.14,8.38,-0.79,-10.02,0.46,-0.37,-3.86,9.22,6.51,-4.55,5.78,8.73,0.91,4.32
18.977,0.63,3.08,9.63,-5.22,1.12,8.29,-0.87,-10.24,0.8,-0.66,-3.23,9.72,4.88,-2.39,6.71,8.58,2.42,4.82
19.012,0.6,3.11,9.45,-5.16,1.15,8.28,-0.84,-10.07,0.63,-0.47,-3.44,9.31,2.95,0.81,6.72,8.25,2.08,4.87
19.047,0.45,3.09,9.41,-5.22,1.12,8.29,-0.73,-10.06,0.62,-0.19,-3.48,9.58,4.07,3.11,6.11,8.74,2.1,4.53
19.082,0.45,2.99,9.6,-5.18,1.15,8.3,-0.78,-10.11,0.63,-0.6,-3.85,9.37,6.96,-2.62,11.53,8.24,1.57,4.07
19.117,0.5,3.32,9.06,-5.21,1.14,8.28,-0.78,-10.06,0.6,-0.58,-2.73,9.32,11.96,-6.5,9.04,6.28,3.94,5.39
19.152,0.49,3.17,9.36,-5.21,1.13,8.29,-0.8,-10.11,0.72,0.8,-3.29,10.08,11.05,-7.72,8.72,4.85,4.35,4.37
19.187,0.48,3.13,9.34,-5.2,1.13,8.29,-0.78,-10.06,0.58,0.23,-3.86,9.23,11.6,-6.68,7.26,6.12,0.68,3.54
19.222,0.47,3.1,9.4,-5.22,1.13,8.28,-0.78,-10.04,0.64,-0.22,-3.32,9.54,10.74,-4.39,6.29,9.34,-0.92,3.63
19.257,0.48,3.12,9.42,-5.19,1.14,8.29,-0.79,-10.07,0.55,-0.23,-3.43,9.37,10.12,-3.38,8.12,8.4,0.5,5.34
19.292,0.46,3.12,9.42,-5.2,1.13,8.28,-0.79,-10.06,0.64,-0.3,-3.47,9.34,8.61,-3.36,8.81,10.83,0.44,4.07
19.325,0.45,3.1,9.43,-5.2,1.14,8.28,-0.79,-10.08,0.63,-0.15,-3.51,9.29,7.8,-1.84,8.96,9.12,2.22,5.01
19.36,0.49,3.09,9.42,-5.19,1.13,8.29,-0.77,-10.06,0.58,-0.17,-3.42,9.45,8.33,-0.86,7.58,8.61,2.01,4.84
19.395,0.41,3.05,9.49,-5.19,1.13,8.28,-0.78,-10.07,0.64,-0.29,-3.37,9.45,7.38,-1.23,5.89,8.44,2.02,4.92
19.43,0.37,3.18,9.34,-5.2,1.14,8.29,-0.78,-10.07,0.61,-0.01,-3.44,9.3,4.8,-0.54,5.83,8.46,1.65,4.54
19.465,0.51,3.13,9.37,-5.2,1.13,8.29,-0.77,-10.07,0.66,0.02,-3.34,9.43,4.57,-2.01,4.68,7.86,2.83,6.72
19.5,0.48,3.12,9.43,-5.19,1.14,8.29,-0.79,-10.05,0.62,-0.17,-3.36,9.48,3.71,-2.28,4.99,5.94,2.99,5.32
19.534,0.47,3.09,9.43,-5.2,1.13,8.28,-0.78,-10.07,0.58,-0.21,-3.3,9.56,3.71,-1.42,4.69,7.89,1.62,2.83
19.569,0.47,3.1,9.44,-5.2,1.12,8.3,-0.78,-10.06,0.6,0.12,-3.27,9.53,3.29,-1.67,5.01,7.21,2.09,4.65
19.604,0.47,3.11,9.43,-5.21,1.14,8.3,-0.8,-10.06,0.64,-0.15,-3.17,9.63,2.84,-0.92,6.48,8.91,0.94,1.97
19.638,0.48,3.1,9.44,-5.21,1.13,8.29,-0.78,-10.07,0.62,-0.19,-3.09,9.43,4.56,-2.25,5.67,8.41,-0.29,3.89
19.673,0.46,3.06,9.46,-5.2,1.14,8.29,-0.78,-10.06,0.59,-0.06,-3.32,8.73,6.39,-1.08,5.53,8.93,2.36,4.79
19.707,0.52,2.98,9.56,-5.2,1.14,8.29,-0.79,-10.05,0.63,-0.15,-3.53,9.21,9.94,-3.75,7.66,8.7,1.61,4.58
19.742,0.4,3.08,9.41,-5.19,1.13,8.28,-0.78,-10.07,0.62,0,-3.46,9.4,12.38,-4.44,6.5,9.3,1.77,5.06
19.777,0.44,2.99,9.53,-5.2,1.13,8.29,-0.78,-10.06,0.62,-0.21,-3.33,9.47,8.77,-2.01,4.77,8.35,2.77,5.09
19.812,0.44,3.03,9.45,-5.2,1.13,8.29,-0.79,-10.07,0.58,-0.13,-3.36,9.45,5.48,-1.04,7.41,8.68,1.55,4.86
19.847,0.44,3.01,9.49,-5.2,1.13,8.28,-0.8,-10.05,0.64,-0.16,-3.42,9.4,0.49,-5.45,9.34,8.5,1.58,4.86
19.881,0.46,3.05,9.44,-5.19,1.13,8.28,-0.79,-10.06,0.61,-0.2,-3.47,9.3,2.32,-5.9,8.68,8.7,2.07,4.5
19.916,0.44,3.03,9.48,-5.2,1.13,8.29,-0.78,-10.06,0.63,-0.17,-3.43,9.39,1.24,-4.32,8.61,8.5,1.74,4.66
19.951,0.4,3.04,9.44,-5.2,1.13,8.28,-0.78,-10.07,0.62,-0.11,-3.34,9.44,0.42,-4.75,6.24,8.49,1.89,4.62
19.986,0.35,2.9,9.4,-5.2,1.13,8.28,-0.78,-10.07,0.63,-0.16,-3.36,9.44,16.5,-14.01,16.58,8.55,1.85,4.68
20.021,0.52,2.96,9.43,-5.2,1.13,8.29,-0.8,-10.06,0.61,-0.06,-3.19,9.63,7.28,-1.14,4.38,8.43,1.96,4.55
20.055,0.44,3.08,9.67,-5.19,1.13,8.29,-0.81,-10.09,0.65,-0.2,-3.34,9.43,6.42,-0.54,6.16,8.15,2.18,4.78
20.089,0.43,3.07,9.42,-5.2,1.14,8.29,-0.79,-10.07,0.54,-0.2,-3.42,9.4,8.04,-6.42,8.57,8.31,1.89,4.78
20.124,0.4,3.02,9.49,-5.2,1.14,8.28,-0.8,-10.06,0.68,-0.18,-3.36,9.45,5.42,-4.24,6.18,8.41,1.87,4.48
20.159,0.45,3.04,9.45,-5.21,1.12,8.29,-0.78,-10.07,0.62,-0.16,-3.4,9.42,5.4,-3.63,8.13,8.51,1.87,4.58
20.193,0.46,3.01,9.5,-5.19,1.14,8.3,-0.77,-10.06,0.62,-0.18,-3.39,9.43,5.01,-3.69,8.29,8.51,1.86,4.61
20.228,0.45,3.04,9.44,-5.2,1.13,8.28,-0.8,-10.05,0.62,-0.14,-3.38,9.44,5.14,-3.73,7.83,8.48,1.86,4.57
20.261,0.46,3.04,9.46,-5.2,1.13,8.29,-0.79,-10.07,0.63,-0.18,-3.39,9.43,5.28,-3.71,7.54,8.5,1.88,4.59
20.296,0.45,3.04,9.46,-5.2,1.12,8.28,-0.78,-10.06,0.59,-0.15,-3.39,9.43,5.21,-3.79,7.59,8.47,1.88,4.62
20.331,0.45,3.04,9.46,-5.19,1.13,8.29,-0.79,-10.06,0.64,-0.17,-3.38,9.43,5.18,-3.73,7.86,8.49,1.87,4.62
20.365,0.45,3.04,9.45,-5.19,1.13,8.29,-0.78,-10.07,0.63,-0.17,-3.39,9.44,5.2,-3.74,7.74,8.48,1.9,4.64
20.4,0.45,3.03,9.45,-5.2,1.14,8.29,-0.79,-10.06,0.62,-0.17,-3.38,9.42,5.18,-3.74,7.75,8.48,1.89,4.63
20.433,0.45,3.03,9.45,-5.2,1.14,8.29,-0.79,-10.07,0.62,-0.17,-3.39,9.43,5.18,-3.74,7.79,8.48,1.89,4.64
20.468,0.45,3.03,9.45,-5.2,1.13,8.28,-0.79,-10.06,0.62,-0.16,-3.38,9.43,5.2,-3.73,7.68,8.48,1.9,4.65
20.502,0.46,3.03,9.46,-5.2,1.13,8.29,-0.79,-10.06,0.62,-0.16,-3.39,9.43,5.19,-3.74,7.75,8.48,1.9,4.64
20.537,0.45,3.03,9.45,-5.21,1.13,8.28,-0.79,-10.07,0.63,-0.16,-3.39,9.43,5.18,-3.73,7.76,8.48,1.9,4.65
20.572,0.46,3.03,9.45,-5.2,1.14,8.28,-0.78,-10.06,0.61,-0.17,-3.39,9.43,5.18,-3.72,7.76,8.47,1.9,4.64
20.605,0.45,3.04,9.45,-5.2,1.13,8.28,-0.78,-10.07,0.61,-0.15,-3.38,9.43,5.17,-3.74,7.78,8.47,1.9,4.64
20.64,0.45,3.04,9.46,-5.2,1.14,8.29,-0.77,-10.07,0.61,-0.16,-3.38,9.44,5.17,-3.74,7.75,8.48,1.89,4.65
20.674,0.46,3.03,9.45,-5.19,1.14,8.29,-0.79,-10.05,0.62,-0.16,-3.38,9.42,5.18,-3.73,7.75,8.48,1.89,4.64
20.709,0.46,3.03,9.46,-5.2,1.14,8.29,-0.78,-10.06,0.62,-0.16,-3.38,9.43,5.16,-3.74,7.76,8.48,1.89,4.64
20.744,0.46,3.03,9.46,-5.2,1.13,8.28,-0.8,-10.06,0.63,-0.17,-3.38,9.42,5.17,-3.71,7.77,8.48,1.89,4.65
20.777,0.45,3.02,9.46,-5.2,1.14,8.28,-0.79,-10.06,0.62,-0.16,-3.38,9.43,5.16,-3.72,7.77,8.48,1.9,4.65
20.812,0.45,3.03,9.46,-5.2,1.13,8.29,-0.78,-10.05,0.61,-0.17,-3.39,9.43,5.17,-3.72,7.76,8.49,1.89,4.65
20.846,0.44,3.03,9.45,-5.19,1.14,8.29,-0.79,-10.07,0.62,-0.16,-3.38,9.44,5.17,-3.73,7.75,8.48,1.9,4.64
20.881,0.45,3.03,9.45,-5.22,1.13,8.29,-0.78,-10.07,0.61,-0.17,-3.39,9.44,5.15,-3.73,7.76,8.48,1.89,4.65
20.916,0.45,3.03,9.47,-5.21,1.12,8.29,-0.78,-10.07,0.62,-0.18,-3.39,9.45,5.16,-3.72,7.78,8.48,1.9,4.64
20.95,0.45,3.02,9.46,-5.2,1.13,8.29,-0.79,-10.06,0.62,-0.17,-3.38,9.41,5.15,-3.73,7.77,8.47,1.9,4.63
20.984,0.44,3.04,9.45,-5.2,1.14,8.29,-0.8,-10.06,0.64,-0.16,-3.4,9.43,5.16,-3.72,7.75,8.48,1.89,4.64
21.018,0.45,3.04,9.44,-5.21,1.12,8.29,-0.79,-10.05,0.62,-0.17,-3.39,9.43,5.13,-3.73,7.78,8.48,1.89,4.65
21.053,0.46,3.04,9.45,-5.2,1.14,8.29,-0.79,-10.06,0.62,-0.16,-3.39,9.43,5.15,-3.72,7.78,8.48,1.89,4.65
21.087,0.45,3.03,9.47,-5.2,1.13,8.29,-0.79,-10.07,0.63,-0.16,-3.38,9.44,5.14,-3.73,7.78,8.48,1.89,4.65
21.122,0.45,3.03,9.46,-5.2,1.13,8.28,-0.79,-10.05,0.62,-0.17,-3.39,9.43,5.13,-3.73,7.79,8.48,1.9,4.65
21.156,0.45,3.03,9.46,-5.2,1.13,8.29,-0.8,-10.07,0.63,-0.16,-3.38,9.44,5.14,-3.72,7.79,8.47,1.91,4.64
21.19,0.45,3.04,9.46,-5.19,1.12,8.29,-0.78,-10.07,0.62,-0.16,-3.38,9.43,5.13,-3.73,7.78,8.48,1.89,4.66
21.225,0.46,3.03,9.45,-5.2,1.13,8.29,-0.77,-10.07,0.62,-0.17,-3.39,9.43,5.13,-3.71,7.79,8.47,1.9,4.64
21.259,0.46,3.03,9.46,-5.19,1.12,8.28,-0.78,-10.07,0.63,-0.17,-3.39,9.43,5.14,-3.72,7.79,8.48,1.91,4.65
21.294,0.45,3.04,9.45,-5.2,1.13,8.28,-0.79,-10.08,0.62,-0.17,-3.37,9.42,5.14,-3.71,7.79,8.47,1.9,4.65
21.327,0.44,3.04,9.46,-5.19,1.13,8.29,-0.78,-10.06,0.62,-0.17,-3.38,9.43,5.13,-3.72,7.79,8.47,1.9,4.64
21.362,0.44,3.03,9.46,-5.2,1.14,8.28,-0.79,-10.06,0.63,-0.17,-3.38,9.43,5.13,-3.72,7.79,8.47,1.9,4.65
21.397,0.44,3.02,9.46,-5.21,1.14,8.28,-0.79,-10.06,0.63,-0.16,-3.38,9.43,5.13,-3.71,7.81,8.48,1.9,4.65
21.431,0.45,3.02,9.47,-5.2,1.13,8.29,-0.78,-10.06,0.64,-0.17,-3.39,9.43,5.12,-3.72,7.81,8.48,1.9,4.64
21.466,0.46,3.03,9.46,-5.21,1.13,8.29,-0.79,-10.06,0.62,-0.17,-3.38,9.43,5.14,-3.73,7.79,8.48,1.89,4.64
21.499,0.45,3.03,9.46,-5.19,1.14,8.29,-0.79,-10.07,0.62,-0.17,-3.38,9.43,5.13,-3.72,7.8,8.47,1.88,4.64
21.534,0.44,3.04,9.46,-5.2,1.13,8.29,-0.77,-10.06,0.63,-0.17,-3.39,9.44,5.13,-3.72,7.8,8.48,1.9,4.65
21.568,0.46,3.03,9.45,-5.2,1.13,8.29,-0.79,-10.07,0.62,-0.15,-3.38,9.44,5.13,-3.73,7.79,8.47,1.9,4.65
21.603,0.44,3.03,9.46,-5.21,1.13,8.29,-0.78,-10.06,0.63,-0.18,-3.38,9.43,5.12,-3.71,7.8,-6.3,1.24,5.51
21.638,0.44,3.03,9.46,-5.2,1.14,8.3,-0.79,-10.07,0.62,-0.15,-3.38,9.44,5.08,-3.8,7.68,-0.29,3.68,11.51
21.672,0.45,3.04,9.45,-5.21,1.13,8.28,-0.78,-10.06,0.62,-0.16,-3.37,9.43,4.87,-3.66,7.57,17.5,6.99,7.6
21.707,0.45,3.04,9.46,-5.21,1.12,8.28,-0.78,-10.07,0.62,-0.16,-3.37,9.45,5.07,-3.14,7.88,13.09,-12.12,-2.24
21.742,0.46,3.03,9.45,-5.19,1.14,8.28,-0.79,-10.06,0.62,-0.17,-3.39,9.43,4.8,-3.39,7.69,11.21,-0.93,5.72
21.777,0.45,3.05,9.46,-5.2,1.13,8.28,-0.78,-10.06,0.63,-0.17,-3.39,9.43,4,-3.29,8.62,13.97,1.74,10.39
21.812,0.45,3.03,9.45,-5.21,1.13,8.29,-0.78,-10.06,0.63,-0.17,-3.38,9.41,3.56,-3.77,8.92,14.24,0.34,10.64
21.847,0.45,3.02,9.46,-5.2,1.14,8.28,-0.78,-10.06,0.63,-0.16,-3.4,9.43,4.46,-2.56,9.01,13.39,1.72,8.01
21.881,0.46,3.03,9.46,-5.19,1.14,8.29,-0.79,-10.04,0.63,-0.17,-3.38,9.42,4.7,-2.95,8.18,12.21,0.74,4.38
21.916,0.45,3.03,9.46,-5.19,1.13,8.3,-0.78,-10.07,0.62,-0.17,-3.39,9.43,4.19,-3.28,8.44,5.55,2.32,2.87
21.951,0.45,3.03,9.46,-5.21,1.14,8.28,-0.79,-10.07,0.62,-0.17,-3.39,9.44,4.02,-3.18,8.88,0.44,-1.68,6.35
21.986,0.46,3.02,9.46,-5.19,1.13,8.29,-0.79,-10.07,0.63,-0.19,-3.39,9.43,4.15,-3.03,8.69,4.97,-7.21,6.79
22.021,0.46,3.04,9.46,-5.2,1.14,8.28,-0.78,-10.07,0.62,-0.17,-3.41,9.42,4.18,-3.02,8.67,8.86,-7.86,3.75
22.054,0.46,3.02,9.46,-5.2,1.14,8.29,-0.79,-10.05,0.62,-0.18,-3.39,9.43,4.14,-3.06,8.6,2.51,-3.58,7.33
22.089,0.46,3.03,9.45,-5.21,1.13,8.29,-0.8,-10.07,0.62,-0.16,-3.4,9.43,4.12,-3.11,8.62,1.73,-3.78,8.72
22.124,0.44,3.03,9.46,-5.2,1.14,8.28,-0.78,-10.06,0.62,-0.17,-3.38,9.42,4.23,-2.8,8.91,2.39,-0.81,5.59
22.159,0.45,3.03,9.46,-5.19,1.13,8.29,-0.78,-10.07,0.63,-0.16,-3.39,9.43,4.1,-3.16,8.43,2.95,-0.18,5.51
22.194,0.44,3.02,9.46,-5.2,1.13,8.28,-0.79,-10.07,0.62,-0.17,-3.39,9.42,4.05,-3.18,8.51,4.5,-2.54,5.42
22.227,0.45,3.04,9.44,-5.2,1.13,8.29,-0.78,-10.06,0.62,-0.17,-3.39,9.43,4.21,-2.92,8.78,3.56,-0.61,6.49
22.262,0.46,3.03,9.47,-5.2,1.13,8.28,-0.79,-10.06,0.63,-0.16,-3.39,9.43,4.18,-3.08,8.57,4.53,-2.9,9.39
22.297,0.45,3.02,9.46,-5.2,1.13,8.28,-0.8,-10.06,0.63,-0.17,-3.39,9.44,4.11,-3.06,8.71,6.04,-5.56,10.19
22.332,0.44,3.04,9.45,-5.2,1.13,8.29,-0.77,-10.06,0.63,-0.17,-3.39,9.43,4.1,-3.1,8.6,7.22,-7.82,10.9
22.366,0.46,3.03,9.46,-5.2,1.14,8.29,-0.78,-10.07,0.63,-0.16,-3.38,9.44,4,-3.25,8.6,5.61,-9.38,14.82
22.401,0.45,3.04,9.46,-5.21,1.14,8.28,-0.79,-10.06,0.63,-0.15,-3.4,9.43,4.31,-2.65,8.96,5.1,-5.14,12.34
22.435,0.45,3.03,9.46,-5.19,1.14,8.28,-0.78,-10.06,0.63,-0.17,-3.39,9.43,4.08,-3.21,8.13,5.39,-1.48,8.73
22.47,0.47,3.02,9.46,-5.2,1.14,8.28,-0.79,-10.06,0.62,-0.17,-3.38,9.43,4.12,-3.11,8.62,3.39,2.57,4.21
22.505,0.46,3.03,9.46,-5.19,1.14,8.29,-0.78,-10.06,0.63,-0.17,-3.39,9.43,3.85,-3.27,8.78,2.35,4.26,-0.04
22.54,0.44,3.02,9.46,-5.19,1.12,8.29,-0.78,-10.07,0.63,-0.17,-3.41,9.39,3.95,-3.44,8.87,2.47,2.62,3.03
22.575,0.45,3.03,9.45,-5.2,1.12,8.29,-0.78,-10.07,0.63,-0.15,-3.4,9.43,4.31,-2.99,7.53,4.5,-0.22,5.94
22.609,0.44,3.02,9.45,-5.21,1.13,8.29,-0.78,-10.05,0.64,-0.15,-3.38,9.44,3.54,-2.1,8.93,5.16,-3.41,10.09
22.644,0.45,3.03,9.46,-5.2,1.12,8.29,-0.79,-10.06,0.64,-0.17,-3.4,9.42,3.99,-2.5,9.17,4.12,-4.78,13.63
22.678,0.44,3.03,9.46,-5.19,1.14,8.27,-0.77,-10.06,0.62,-0.19,-3.39,9.43,4.29,-2.74,8.45,5.64,-7.95,14.18
22.713,0.46,3.02,9.46,-5.19,1.14,8.29,-0.78,-10.07,0.62,-0.17,-3.39,9.43,4.24,-2.46,8.84,4.23,-7.62,14.53
22.748,0.44,3.03,9.46,-5.2,1.14,8.29,-0.78,-10.07,0.64,-0.17,-3.4,9.42,4.41,-2.49,8.44,2.77,-7.59,15.94
22.782,0.45,3.03,9.46,-5.2,1.14,8.28,-0.78,-10.06,0.63,-0.17,-3.39,9.43,3.79,-2.93,9,4.55,-3.51,10.6
22.817,0.46,3.02,9.46,-5.2,1.13,8.29,-0.79,-10.06,0.63,-0.16,-3.4,9.43,4.39,-2.73,8.37,2.67,-0.51,8.85
22.851,0.45,3.02,9.45,-5.2,1.14,8.29,-0.78,-10.06,0.63,-0.17,-3.39,9.44,3.71,-3.33,8.87,2.35,2.45,3.94
22.886,0.45,3.02,9.46,-5.2,1.13,8.29,-0.78,-10.07,0.64,-0.17,-3.38,9.44,3.81,-2.47,9.07,4.91,4.01,-0.34
22.921,0.45,3.03,9.45,-5.2,1.14,8.29,-0.79,-10.07,0.62,-0.17,-3.38,9.45,4.04,-1.72,9.24,8.37,0.47,-1.13
22.956,0.47,3.03,9.46,-5.19,1.13,8.28,-0.78,-10.07,0.63,-0.17,-3.4,9.42,3.86,-2.73,8.77,7.79,-1.37,5.57
22.99,0.45,3.02,9.46,-5.21,1.14,8.29,-0.79,-10.07,0.63,-0.19,-3.38,9.44,3.88,-2.34,9.03,7.14,-1.41,8.7
23.025,0.45,3.02,9.46,-5.2,1.12,8.28,-0.78,-10.06,0.63,-0.17,-3.39,9.42,3.85,-2.69,9.01,8.13,-8.55,14.73
23.06,0.47,3.02,9.45,-5.2,1.13,8.29,-0.78,-10.07,0.63,-0.17,-3.4,9.42,4.63,-1.82,8.72,6.78,-9.53,15.33
23.095,0.45,3.03,9.46,-5.2,1.13,8.29,-0.78,-10.05,0.62,-0.17,-3.39,9.43,3.59,-3.94,8.32,3.78,-8.12,16.33
23.13,0.46,3.03,9.45,-5.19,1.13,8.29,-0.77,-10.06,0.62,-0.15,-3.38,9.46,4.2,-2.44,9.26,0.68,-4.44,15.42
23.163,0.43,3.03,9.47,-5.2,1.13,8.29,-0.79,-10.07,0.63,-0.18,-3.41,9.41,3.95,-2.75,8.65,0.93,-1.46,11.97
23.198,0.46,3.02,9.46,-5.2,1.13,8.28,-0.78,-10.06,0.62,-0.16,-3.4,9.42,3.95,-3.02,9.04,3.06,1.36,4.85
23.233,0.45,3.03,9.46,-5.19,1.13,8.28,-0.77,-10.05,0.64,-0.17,-3.39,9.43,3.97,-2.64,9.39,4.12,0.62,3.93
23.268,0.46,3.04,9.45,-5.2,1.13,8.29,-0.79,-10.07,0.63,-0.16,-3.4,9.44,3.98,-1.89,8.91,5.11,-1.09,3.84
23.303,0.45,3.03,9.46,-5.2,1.14,8.28,-0.78,-10.06,0.62,-0.18,-3.39,9.43,3.89,-2.49,8.96,3.82,-1.65,6.01
23.336,0.46,3.02,9.45,-5.2,1.12,8.29,-0.79,-10.06,0.64,-0.17,-3.4,9.43,3.88,-2.58,8.79,3.86,-2.07,6.97
23.371,0.45,3.03,9.46,-5.21,1.13,8.29,-0.78,-10.05,0.63,-0.18,-3.39,9.43,3.91,-2.4,8.94,4.38,-1.48,5.07
23.406,0.46,3.03,9.46,-5.21,1.13,8.29,-0.79,-10.07,0.63,-0.17,-3.38,9.43,3.86,-2.63,8.8,3.95,-2.67,5.41
23.441,0.44,3.02,9.46,-5.2,1.14,8.29,-0.8,-10.05,0.63,-0.16,-3.39,9.43,3.91,-2.6,8.86,2.88,-3.09,5.97
23.475,0.43,3.01,9.45,-5.21,1.13,8.28,-0.78,-10.07,0.63,-0.19,-3.39,9.43,4.02,-2.48,8.91,5.35,-2.4,3.59
23.51,0.46,3.03,9.46,-5.2,1.14,8.29,-0.79,-10.06,0.64,-0.17,-3.38,9.43,3.98,-2.51,8.94,5.28,-4.38,6.16
23.544,0.45,3.04,9.46,-5.2,1.14,8.28,-0.78,-10.07,0.63,-0.16,-3.39,9.42,4.16,-2.42,8.83,3.24,-2,7.37
23.579,0.47,3.02,9.45,-5.2,1.13,8.28,-0.79,-10.07,0.64,-0.18,-3.4,9.42,4.4,-2.01,8.94,4.26,-4.13,8.52
23.613,0.44,3.03,9.46,-5.21,1.13,8.28,-0.78,-10.07,0.63,-0.17,-3.38,9.44,3.89,-2.64,8.72,4.46,-3.73,9.11
23.648,0.45,3.02,9.46,-5.2,1.13,8.29,-0.78,-10.07,0.63,-0.18,-3.39,9.44,3.85,-2.57,8.7,4.06,-1.89,10.22
23.683,0.45,3.03,9.46,-5.2,1.12,8.28,-0.78,-10.06,0.63,-0.16,-3.39,9.44,3.88,-2.66,8.74,6.61,-4.2,9.06
23.717,0.45,3.03,9.46,-5.2,1.12,8.29,-0.78,-10.06,0.63,-0.18,-3.4,9.42,3.91,-2.62,8.73,7.04,-5.85,8.34
23.752,0.45,3.03,9.48,-5.23,1.14,8.29,-0.79,-10.05,0.63,-0.17,-3.39,9.43,4.04,-2.44,9.09,5.33,-11.39,9.32
23.786,0.46,3.03,9.48,-5.24,1.12,8.34,-0.8,-10.09,0.64,-0.17,-3.4,9.42,3.9,-2.48,8.87,7.2,-7.46,7.75
23.821,0.46,3.01,9.47,-5.19,1.14,8.24,-0.78,-10.07,0.63,-0.17,-3.4,9.43,4.05,-2.39,9.01,5.39,-6.63,10.44
23.856,0.47,3.02,9.46,-5.18,1.14,8.26,-0.79,-10.06,0.63,-0.16,-3.39,9.43,4.03,-2.47,8.86,5.47,-4.46,10.3
23.89,0.45,3.02,9.46,-5.21,1.12,8.3,-0.8,-10.07,0.63,-0.17,-3.4,9.43,3.94,-2.52,8.92,7.1,-2.55,8.95
23.924,0.45,3.02,9.47,-5.2,1.14,8.26,-0.78,-10.07,0.63,-0.18,-3.39,9.43,3.98,-2.55,8.84,0.33,-0.87,6.3
23.959,0.44,3.02,9.47,-5.21,1.13,8.27,-0.79,-10.07,0.62,-0.18,-3.4,9.43,3.95,-2.6,8.82,3.66,-8.96,8.69
23.994,0.46,3.02,9.46,-5.24,1.12,8.29,-0.79,-10.06,0.63,-0.17,-3.39,9.43,4.07,-2.45,8.93,3.59,-1,5.62
24.029,0.45,3.02,9.45,-5.18,1.15,8.31,-0.79,-10.07,0.64,-0.17,-3.38,9.42,3.96,-2.55,8.9,0.63,-3.51,-2.57
24.064,0.46,3.01,9.45,-5.23,1.11,8.27,-0.8,-10.08,0.62,-0.16,-3.39,9.43,3.97,-2.61,8.79,0.69,-1.35,-2.6
24.098,0.46,3.02,9.47,-5.19,1.13,8.3,-0.79,-10.07,0.63,-0.17,-3.39,9.43,3.99,-2.43,8.75,4.83,-5.31,2.93
24.133,0.45,3.01,9.45,-5.18,1.12,8.25,-0.78,-10.06,0.64,-0.18,-3.4,9.44,3.89,-2.58,8.93,24.58,16.87,10.33
24.168,0.45,3.03,9.48,-5.22,1.13,8.31,-0.78,-10.08,0.62,-0.18,-3.39,9.41,3.89,-2.58,8.76,1.67,-0.06,1.33
24.203,0.46,3.01,9.45,-5.19,1.12,8.28,-0.8,-10.06,0.64,-0.18,-3.39,9.44,3.9,-2.57,8.96,3.61,0.95,3.62
24.237,0.47,3.01,9.47,-5.19,1.13,8.29,-0.79,-10.06,0.64,-0.17,-3.39,9.42,4.08,-2.53,8.72,-0.4,-1.33,-3.36
24.271,0.45,3.03,9.46,-5.2,1.13,8.28,-0.8,-10.07,0.63,-0.17,-3.39,9.43,3.95,-2.64,9,2.57,0.75,-2.39
24.306,0.45,3.02,9.45,-5.19,1.13,8.29,-0.79,-10.08,0.64,-0.18,-3.39,9.43,4,-2.62,8.76,19.07,0.09,11.98
24.341,0.46,3.01,9.47,-5.21,1.13,8.29,-0.79,-10.07,0.63,-0.16,-3.39,9.44,4.02,-2.62,8.82,7.28,0.69,2.75
24.376,0.44,3.03,9.46,-5.19,1.13,8.28,-0.78,-10.06,0.64,-0.18,-3.39,9.43,3.96,-2.6,8.92,11.61,2.32,1.35
24.41,0.46,3.02,9.45,-5.21,1.13,8.29,-0.78,-10.06,0.65,-0.17,-3.39,9.42,4.03,-2.59,8.81,8.67,1.32,3.48
24.444,0.45,3.02,9.46,-5.2,1.14,8.29,-0.78,-10.06,0.62,-0.16,-3.38,9.44,3.99,-2.58,8.84,8.57,1.52,3.21
24.479,0.45,3.02,9.45,-5.19,1.13,8.29,-0.78,-10.07,0.63,-0.17,-3.39,9.42,4.01,-2.57,8.88,9.48,1.84,2.95
24.513,0.45,3.02,9.46,-5.2,1.13,8.28,-0.78,-10.06,0.63,-0.16,-3.41,9.43,4.87,9.95,7.56,9.27,1.58,3.02
24.548,0.52,2.9,9.52,-5.2,1.14,8.29,-0.79,-10.07,0.63,-0.22,-3.39,9.41,-2.74,-11.02,4.48,9.13,1.42,3.17
24.583,0.52,2.97,9.53,-5.2,1.14,8.28,-0.79,-10.05,0.64,-0.11,-3.63,9.27,5.04,-1.36,10.37,10.23,2.07,3.46
24.617,0.4,3.1,9.35,-5.2,1.14,8.29,-0.79,-10.06,0.63,-0.07,-3.14,9.54,-1.2,-2.97,8.03,9.48,2.29,2.76
24.652,0.48,2.97,9.54,-5.2,1.13,8.28,-0.78,-10.07,0.67,-0.1,-3.38,9.47,-1.11,-1.56,9.59,9.05,1.01,2.65
24.687,0.5,3,9.5,-5.2,1.14,8.28,-0.78,-10.06,0.6,-0.56,-3.88,8.93,-2.51,0.89,9.63,9.01,1.53,3.13
24.722,0.43,2.99,9.51,-5.19,1.13,8.28,-0.79,-10.05,0.65,-0.35,-3.46,9.34,-0.33,2.92,9.76,9.23,1.66,2.93
24.757,0.46,3.01,9.45,-5.2,1.13,8.28,-0.79,-10.06,0.63,-0.17,-3.41,9.44,-1.68,-2.79,8.68,9.4,1.43,3
24.792,0.45,2.99,9.5,-5.2,1.12,8.28,-0.8,-10.07,0.63,-0.12,-3.38,9.48,2.01,-9.48,13.52,9.25,1.17,3.04
24.826,0.47,3.05,9.45,-5.21,1.12,8.29,-0.79,-10.07,0.65,-0.33,-3.45,9.4,5.86,-4.99,10.13,9.11,2.22,3.4
24.861,0.42,2.99,9.48,-5.2,1.13,8.28,-0.78,-10.07,0.64,-0.22,-3.34,9.51,-0.15,-4.21,8.63,9.59,2.3,2.53
24.896,0.45,3.01,9.47,-5.2,1.13,8.28,-0.77,-10.06,0.63,-0.2,-3.27,9.62,2.21,-5.1,8.63,9.22,1.44,2.91
24.931,0.46,2.99,9.49,-5.2,1.13,8.29,-0.79,-10.06,0.64,-0.14,-3.23,9.75,10.87,-5.53,1.61,9.22,1.68,3.1
24.966,0.42,2.96,9.46,-5.2,1.13,8.29,-0.8,-10.07,0.64,-0.15,-3.4,9.42,-6.47,-7.07,11.18,9.5,1.92,2.51
25,0.38,2.99,9.52,-5.2,1.14,8.29,-0.77,-10.06,0.64,-0.22,-3.47,9.38,-1.46,-8.31,7.69,9.03,1.84,3.18
25.035,0.45,3,9.46,-5.19,1.15,8.28,-0.79,-10.06,0.64,-0.09,-3.4,9.43,2.66,-8.35,9.56,9.19,1.83,2.96
25.07,0.44,3.04,9.45,-5.2,1.13,8.29,-0.79,-10.06,0.63,-0.19,-3.44,9.39,2.32,-7.84,11.03,9.18,1.72,2.95
25.105,0.39,3.06,9.47,-5.2,1.13,8.29,-0.78,-10.07,0.65,-0.27,-3.3,9.64,3.98,-2.02,8.78,9.22,1.69,2.96
25.14,0.61,2.87,9.68,-5.2,1.14,8.28,-0.83,-10.06,0.64,-0.1,-3.35,9.47,3.95,-1.72,6.51,9.22,1.71,2.93
25.175,0.65,3.41,9.06,-5.19,1.13,8.3,-0.78,-10.16,0.66,-0.42,-3.38,9.35,5.06,-0.95,3.77,9.21,1.7,2.93
25.209,0.48,2.92,9.79,-5.19,1.13,8.29,-0.74,-10.04,0.61,-0.28,-3.46,9.36,1.56,1.41,5.42,9.21,1.71,2.93
25.244,0.44,3.13,9.32,-5.2,1.13,8.29,-0.82,-10.1,0.59,-0.13,-3.33,9.52,-0.79,2.75,8.19,9.11,1.91,3.06
25.279,0.45,3.1,9.34,-5.2,1.13,8.29,-0.78,-10.04,0.72,-0.25,-3.41,9.41,-5.56,4.77,11.08,9.26,1.7,2.54
25.314,0.44,2.97,9.49,-5.21,1.13,8.27,-0.79,-10.07,0.64,-0.31,-3.48,9.41,-2.42,0.67,12.14,9.21,0.84,3.37
25.348,0.45,2.95,9.49,-5.19,1.13,8.28,-0.77,-10.07,0.58,0.02,-3.35,9.38,9.91,-11.09,9.17,9.65,2.29,3.02
25.382,0.43,2.96,9.51,-5.21,1.12,8.29,-0.84,-10.05,0.73,-0.13,-3.39,9.3,12.45,-9.49,8.49,9.29,1.07,2.72
25.417,0.44,2.98,9.47,-5.19,1.12,8.28,-0.77,-10.08,0.6,-0.1,-3.47,9.43,-2.47,-4.26,15.03,9.26,1.41,2.66
25.452,0.48,2.9,9.53,-5.2,1.14,8.29,-0.79,-10.06,0.64,-0.26,-3.45,9.53,-5.55,-2.77,11.59,9.74,2.09,2.8
25.487,0.48,3,9.46,-5.19,1.14,8.28,-0.77,-10.05,0.64,-0.19,-3.43,9.41,-5.53,-2.77,9.62,12.89,-0.89,3.91
25.522,0.44,2.96,9.49,-5.19,1.13,8.28,-0.79,-10.07,0.66,-0.14,-3.44,9.37,7.57,-6.89,6.35,10.74,2.5,3
25.558,0.43,2.9,9.5,-5.2,1.13,8.28,-0.84,-10.12,0.68,-0.18,-3.44,9.39,14.47,-8.5,5.13,8.08,-0.72,4.27
25.592,0.29,3,9.54,-5.2,1.12,8.29,-0.75,-10.05,0.66,-0.25,-3.42,9.42,3.02,-6.83,8.28,9.07,1.14,3.19
25.627,0.44,3,9.44,-5.2,1.14,8.29,-0.82,-10.08,0.7,-0.17,-3.42,9.42,-1.59,-4.09,8.78,9.12,1.99,4.14
25.661,0.42,2.99,9.46,-5.2,1.13,8.29,-0.78,-10.06,0.64,-0.4,-3.52,9.29,1.68,-4.55,7.57,9.32,2.06,3.36
25.696,0.47,2.99,9.47,-5.2,1.14,8.28,-0.8,-10.06,0.64,-0.2,-3.43,9.43,1.91,-4.77,8.3,10.07,2.3,2.8
25.731,0.46,2.98,9.5,-5.19,1.13,8.29,-0.79,-10.08,0.68,-0.24,-3.43,9.43,-0.26,-3.46,8.66,6.77,2.65,2.43
25.765,0.46,3,9.45,-5.2,1.14,8.27,-0.79,-10.05,0.65,-0.37,-3.29,9.54,-0.41,-0.84,8.99,8.75,1.75,1.91
25.8,0.46,2.97,9.46,-5.19,1.13,8.28,-0.8,-10.06,0.65,-0.38,-3.41,9.4,0.9,-3.03,9.41,7.7,-0.21,2.69
25.835,0.46,3.02,9.49,-5.21,1.14,8.29,-0.77,-10.07,0.66,-0.37,-3.37,9.43,3.34,-9.34,7.19,11.19,-1.26,5.6
25.871,0.46,2.96,9.48,-5.21,1.13,8.29,-0.8,-10.06,0.64,-0.18,-3.42,9.33,5.3,-11.58,6.87,11.03,0.89,2.5
25.905,0.48,2.96,9.49,-5.19,1.13,8.29,-0.79,-10.05,0.65,-0.25,-3.42,9.38,2.42,-11.06,6.89,9.24,1.24,3.08
25.939,0.48,2.94,9.47,-5.2,1.13,8.29,-0.8,-10.06,0.66,-0.2,-3.41,9.44,1.55,-7.62,8.16,9.45,1.03,2.9
25.974,0.44,3.01,9.46,-5.2,1.13,8.28,-0.79,-10.06,0.67,-0.22,-3.44,9.36,4.03,-6.19,7.61,9.15,1.19,2.74
26.009,0.41,3.03,9.44,-5.2,1.12,8.29,-0.78,-10.07,0.62,-0.17,-3.4,9.44,2.2,-4.45,8.22,9.24,1.17,2.75
26.044,0.5,2.96,9.24,-5.2,1.13,8.29,-0.75,-10.02,0.71,-0.36,-3.4,9.29,2.86,-4.03,6.45,9.4,1.13,2.86
26.079,0.62,3.01,9.43,-5.19,1.13,8.29,-0.77,-10.07,0.63,-0.39,-3.24,9.58,1.68,-3.18,5.79,9.05,1.2,3.14
26.113,0.5,3.01,9.49,-5.2,1.13,8.29,-0.8,-10.06,0.74,-0.4,-3.44,9.36,2.07,-3.55,9.69,9.54,0.83,3
26.147,0.6,2.96,9.56,-5.19,1.13,8.29,-0.78,-10.05,0.65,-0.28,-3.44,9.39,-0.17,-3.41,6.29,9.21,1.18,2.85
26.182,0.55,2.87,9.75,-5.21,1.13,8.28,-0.8,-10.06,0.66,-0.41,-3.38,9.34,0.3,-2.9,8.21,9.32,1.29,2.8
26.217,0.41,3.01,9.45,-5.19,1.14,8.3,-0.78,-10.06,0.59,-0.39,-3.29,9.49,1.34,-4.1,8.11,9.37,1.15,2.82
26.252,0.56,2.98,9.52,-5.19,1.14,8.29,-0.79,-10.06,0.7,-0.08,-3.33,9.51,1.97,-6.69,10.33,9.31,1.18,2.82
26.287,0.5,2.99,9.41,-5.2,1.13,8.29,-0.79,-10.08,0.63,-0.14,-3.47,9.41,-0.1,-2.29,10.76,9.27,1.38,2.84
26.321,0.47,2.96,9.57,-5.2,1.13,8.28,-0.82,-10.08,0.67,-0.32,-3.35,9.61,-2.66,-0.84,10.43,9.25,3.1,2.64
26.355,0.4,2.89,9.57,-5.19,1.14,8.28,-0.8,-10.05,0.62,-0.46,-3.79,9.2,0.62,-8.69,8.9,8.9,2.64,1.98
26.391,0.43,2.9,9.46,-5.2,1.13,8.29,-0.8,-10.08,0.62,-0.38,-3.52,9.21,3.98,-10.5,8.67,10.15,3.16,2.24
26.426,0.37,2.96,9.47,-5.2,1.13,8.29,-0.77,-10.05,0.68,-0.6,-3.63,8.98,1.91,-4.18,9.4,9.61,1.29,2.44
26.461,0.45,2.94,9.54,-5.2,1.12,8.28,-0.8,-10.04,0.66,-0.03,-3.14,9.76,1.65,-6.67,7.69,10.3,-0.73,3.55
26.496,0.36,3.02,9.36,-5.2,1.14,8.29,-0.78,-10.05,0.6,-0.17,-3.19,9.8,2.57,-8.47,8.42,12.37,-1.56,3.22
26.53,0.41,2.97,9.46,-5.2,1.14,8.28,-0.78,-10.06,0.64,-0.3,-3.47,9.36,1.84,-10.86,7.57,8.39,-1.05,3.38
26.565,0.44,2.98,9.5,-5.2,1.13,8.29,-0.8,-10.06,0.69,-0.27,-3.41,9.41,4.44,-10.39,7.71,8.41,-1.09,2.98
26.6,0.44,3,9.46,-5.2,1.13,8.28,-0.81,-10.06,0.64,-0.1,-3.23,9.67,2.81,-7.93,10.21,10,0.98,1.87
26.635,0.42,2.96,9.53,-5.2,1.13,8.28,-0.81,-10.06,0.66,-0.21,-3.4,9.4,0.99,-3.89,9.39,9.64,0.71,2.62
26.669,0.51,3.04,9.41,-5.2,1.13,8.28,-0.78,-10.06,0.65,-0.26,-3.36,9.48,1.85,-2.63,7.27,9.48,1,2.5
26.703,0.58,2.96,9.6,-5.21,1.13,8.28,-0.8,-10.07,0.64,-0.33,-3.4,9.44,5.5,-1.98,9.6,9.37,0.72,2.66
26.738,0.4,3.08,9.42,-5.19,1.13,8.28,-0.84,-10.08,0.7,-0.35,-4.13,8.86,2.88,-1.23,8.11,9.48,0.93,2.5
26.773,0.49,2.99,9.49,-5.2,1.13,8.29,-0.77,-10.08,0.63,-0.28,-3.43,9.53,1.1,-2.74,8.38,9.46,1.04,2.55
26.808,0.47,3.13,9.38,-5.2,1.13,8.28,-0.83,-10.06,0.72,-0.48,-3.37,9.38,-5.36,-6.6,8.83,9.47,0.57,2.59
26.843,0.42,2.97,9.43,-5.2,1.13,8.29,-0.78,-10.07,0.69,-0.81,-3.82,8.41,-8.9,-9.08,4.94,9.49,2.36,3.19
26.877,0.38,2.98,9.52,-5.2,1.13,8.28,-0.79,-10.05,0.64,-0.45,-2.94,9.87,-9.66,-12.52,5.1,9.61,-0.04,-0.01
26.912,0.43,2.99,9.45,-5.2,1.13,8.29,-0.81,-10.04,0.64,-0.21,-3.3,9.57,-0.4,-5.89,13.93,9.39,-0.68,3.94
26.947,0.4,2.97,9.46,-5.21,1.13,8.28,-0.8,-10.07,0.69,-0.21,-3.11,9.77,14.2,-5.09,6.31,9.51,0.47,2.86
26.982,0.42,3,9.49,-5.2,1.12,8.29,-0.78,-10.07,0.66,0.14,-3.27,9.53,9.1,-6.85,9.08,9.57,0.73,2.4
27.017,0.41,2.94,9.49,-5.2,1.13,8.29,-0.81,-10.05,0.67,-0.05,-2.9,10.15,1.22,-7.75,4.89,9.29,0.8,2.76
27.051,0.43,2.98,9.46,-5.19,1.13,8.28,-0.79,-10.06,0.65,-0.18,-3.32,9.6,0.2,-12.99,4.91,9.54,0.77,2.64
27.085,0.42,2.96,9.5,-5.2,1.13,8.28,-0.78,-10.07,0.64,-0.42,-3.45,9.29,0.07,-12.98,6.15,9.45,0.71,2.77
27.12,0.44,2.94,9.49,-5.19,1.12,8.29,-0.78,-10.06,0.68,-0.2,-3.39,9.4,-1.74,-9.21,9.2,9.34,0.52,2.7
27.155,0.48,3.06,9.45,-5.19,1.13,8.3,-0.8,-10.04,0.66,-0.25,-3.15,9.59,-3.68,-5.59,10.97,9.5,0.81,2.68
27.19,0.47,2.99,9.48,-5.21,1.13,8.29,-0.78,-10.08,0.62,-0.15,-3.42,9.49,0.46,1.6,12.07,9.45,0.69,2.62
27.225,0.45,2.87,9.61,-5.2,1.14,8.29,-0.78,-10.04,0.68,-1.69,-2.93,9.74,4.61,2.07,11.53,9.42,0.73,2.65
27.259,0.4,2.98,9.47,-5.2,1.14,8.3,-0.8,-10.01,0.69,0.37,-3.48,9.43,6.3,-5.02,9.04,9.47,0.71,2.64
27.294,0.5,3.14,9.46,-5.2,1.13,8.28,-0.77,-10.12,0.62,-0.27,-3.35,9.38,9.73,-12.1,8.11,9.4,0.73,2.62
27.329,0.45,2.93,9.54,-5.19,1.13,8.29,-0.78,-10.07,0.63,0.13,-3.55,9.46,6.35,-13.51,5.18,9.62,0.74,2.69
27.364,0.47,2.98,9.24,-5.21,1.13,8.29,-0.81,-10.04,0.67,-0.53,-3.33,9.68,-0.44,-13.19,3.84,9.48,0.31,1.97
27.399,0.39,2.81,9.61,-5.19,1.13,8.29,-0.84,-10.09,0.62,0.11,-3.55,8.81,0.37,-11.46,6.78,9.25,1.19,2.67
27.433,0.4,2.95,9.39,-5.2,1.13,8.29,-0.78,-10.05,0.6,-0.45,-3.41,9.35,-3.77,-9.85,7.5,9.67,0.83,2.47
27.468,0.42,2.99,9.45,-5.2,1.12,8.28,-0.82,-10.05,0.74,-0.22,-3.21,9.5,-7.85,-5.8,7.74,9.57,0.65,2.82
27.502,0.33,3.02,9.54,-5.2,1.13,8.28,-0.76,-10.06,0.61,-0.34,-3.47,9.27,-4.56,-2.51,10.53,9.45,0.8,2.71
27.537,0.35,2.97,9.54,-5.19,1.13,8.28,-0.77,-10.06,0.63,-0.25,-3.27,9.49,0.06,0,12.89,9.42,0.65,2.65
27.572,0.46,3,9.56,-5.23,1.14,8.28,-0.75,-9.87,0.79,-0.25,-3.42,9.28,8.7,1.9,12.31,9.54,0.6,2.45
27.607,0.58,3.03,9.38,-5.19,1.13,8.28,-0.72,-9.97,0.57,-0.07,-3.05,9.62,9.44,-5.88,8.38,9.76,-0.55,1.67
27.641,0.42,2.9,9.54,-5.21,1.14,8.28,-0.76,-10.06,0.7,-0.31,-3.44,9.21,7.72,-6.43,8.53,9.2,1.21,2.72
27.676,0.44,2.89,9.51,-5.19,1.14,8.29,-0.76,-10.1,0.65,-0.07,-3.18,9.67,5.49,-12.53,5.59,9.77,0.46,2.39
27.711,0.54,3.11,9.34,-5.2,1.13,8.29,-0.83,-10.06,0.67,-0.13,-3.91,9.02,0.6,-11.42,6.64,10.2,-0.14,2.58
27.746,0.45,2.97,9.53,-5.2,1.13,8.29,-0.77,-10.04,0.68,-0.06,-3.74,8.89,-0.62,-10.29,7.38,9.4,0.77,2.48
27.781,0.4,2.98,9.45,-5.21,1.13,8.29,-0.78,-10.05,0.67,0.12,-2.83,10.06,-0.13,-5.21,6.51,9.53,1.17,2.83
27.815,0.5,2.96,9.46,-5.2,1.14,8.29,-0.8,-10.06,0.67,-0.4,-3.93,8.92,-3.71,-8.14,7.67,9.55,0.05,2.46
27.85,0.45,3.04,9.38,-5.19,1.13,8.29,-0.79,-10.05,0.68,-0.13,-3.07,9.6,-4.62,-1.97,10.77,9.55,1.06,2.56
27.885,0.27,2.84,10.02,-5.18,1.14,8.29,-0.79,-10.09,0.64,0.09,-3.22,9.57,1.06,2.56,11.54,9.38,0.51,2.75
27.92,0.54,2.97,9.55,-5.19,1.12,8.29,-0.8,-10.03,0.64,-0.28,-3.24,9.33,3.06,-0.64,9.6,9.43,0.73,2.64
27.955,0.31,2.99,9.56,-5.22,1.12,8.3,-0.8,-10.04,0.68,-0.01,-2.67,9.68,6.44,-1.44,9.97,9.51,0.6,2.47
27.99,0.7,2.93,9.54,-5.19,1.13,8.28,-0.81,-9.96,0.48,-0.39,-3.13,9.65,8.99,-6.05,9.24,9.39,0.79,2.5
28.024,0.41,2.97,9.44,-5.19,1.12,8.3,-0.84,-9.97,0.73,-0.16,-3.06,9.65,7.91,-7.71,8.49,9.26,1.13,3.33
28.059,0.43,2.92,9.49,-5.21,1.13,8.28,-0.75,-10.09,0.72,-0.41,-3.41,9.15,5.52,-10.64,10.91,9.4,1.33,2.39
28.094,0.45,3.06,9.54,-5.21,1.14,8.29,-0.73,-10.09,0.64,0.13,-3.62,9.22,1.79,-11.24,7.51,9.57,1.21,2.94
28.128,0.37,2.96,9.43,-5.2,1.12,8.29,-0.73,-10.1,0.68,-0.17,-3.26,9.09,-0.25,-9.4,8.36,9.78,0.92,2.73
28.163,0.46,2.99,9.48,-5.19,1.14,8.3,-0.73,-10.05,0.63,-0.17,-3.35,9.38,-3.17,-8.79,6.87,9.19,0.8,2.4
28.197,0.41,3.02,9.4,-5.2,1.14,8.29,-0.81,-10.04,0.71,-0.18,-3.2,9.57,-5.63,-5.72,8.48,9.1,-0.31,2.18
28.232,0.45,3.02,9.47,-5.2,1.13,8.29,-0.78,-10.06,0.71,-0.34,-3.28,9.48,-4.52,-1.76,9.77,9.32,0.95,2.44
28.267,0.47,3.01,9.48,-5.2,1.13,8.29,-0.78,-10.08,0.63,-0.31,-3.32,9.47,2.02,0.71,11.19,9.24,0.57,2.51
28.301,0.38,3.01,9.47,-5.2,1.14,8.3,-0.84,-10.1,0.6,-0.31,-3.6,9.24,5.59,-2.15,7.96,9.48,0.68,2.53
28.336,0.37,2.97,9.49,-5.2,1.14,8.28,-0.78,-10.04,0.71,-0.49,-3.54,8.93,6.5,-3.26,8.44,9.45,0.8,2.62
28.37,0.34,2.96,9.52,-5.2,1.13,8.3,-0.79,-10.06,0.62,-0.18,-3.39,9.34,5.4,-5.92,8.23,9.42,0.6,2.67
28.405,0.32,3.06,9.28,-5.2,1.13,8.28,-0.76,-10.06,0.67,-0.23,-3.22,9.44,4.24,-7.73,8.12,9.45,0.67,2.63
28.44,0.43,2.94,9.43,-5.19,1.12,8.29,-0.77,-10.08,0.71,-0.22,-3.32,9.44,4.12,-6.2,9.94,9.4,0.67,2.58
28.475,0.38,2.99,9.46,-5.21,1.13,8.29,-0.78,-10.05,0.67,-0.22,-3.28,9.47,1.92,-10.08,6.91,9.53,0.78,2.67
28.509,0.38,3.02,9.44,-5.19,1.13,8.28,-0.8,-10.06,0.66,-0.38,-3.24,9.55,2.83,-7.76,7.51,9.58,0.61,2.85
28.544,0.41,2.99,9.47,-5.2,1.13,8.29,-0.78,-10.07,0.68,-0.19,-3.24,9.51,0.56,-5.96,7.87,9.8,0.73,2.64
28.578,0.41,3.04,9.43,-5.2,1.13,8.28,-0.78,-10.07,0.66,-0.25,-3.09,9.66,2.55,-2.87,10.06,9.55,0.89,2.6
28.613,0.39,3.01,9.46,-5.19,1.12,8.29,-0.78,-10.07,0.7,0.09,-2.88,9.96,3.61,-1.87,9.68,9.41,0.41,2.77
28.648,0.44,3.02,9.43,-5.2,1.13,8.28,-0.79,-10.07,0.66,-0.14,-3.36,9.36,2.03,-2.95,9.08,9.38,0.87,2.7
28.683,0.42,3.01,9.48,-5.2,1.13,8.29,-0.79,-10.05,0.69,-0.22,-3.25,9.49,3.71,-2.69,3.61,9.4,0.63,2.8
28.717,0.38,3.02,9.59,-5.21,1.13,8.29,-0.81,-10.03,0.65,-0.18,-3.24,9.47,1.9,-4.63,4.9,9.41,0.57,2.75
28.751,0.33,3.1,9.3,-5.19,1.13,8.29,-0.78,-10.05,0.69,0,-3.38,9.4,4.92,-5.71,4.29,9.44,0.69,2.67
28.786,0.38,2.94,9.56,-5.2,1.14,8.29,-0.75,-10.06,0.7,-0.23,-3.39,9.27,4.15,-5.57,8.02,9.47,0.73,2.67
28.821,0.45,3,9.46,-5.2,1.13,8.29,-0.79,-10.05,0.6,-0.31,-3.26,9.49,3.22,-4.77,4.48,9.43,0.67,2.67
28.856,0.43,2.93,9.5,-5.2,1.13,8.29,-0.79,-10.05,0.74,-0.12,-3.66,9.1,1.54,-3.98,2.11,9.45,0.69,2.67
28.891,0.41,3,9.47,-5.2,1.12,8.29,-0.8,-10.05,0.64,-0.38,-3.33,9.52,6.12,-3.5,6.45,9.46,0.73,2.64
28.925,0.4,3.01,9.49,-5.2,1.13,8.29,-0.78,-10.06,0.65,-0.24,-3.38,9.39,9.46,-4.17,0.67,9.49,0.74,2.6
28.96,0.46,3.06,9.44,-5.19,1.14,8.29,-0.79,-10.06,0.67,0.24,-3.59,9.4,13.86,2.2,22.8,9.38,0.62,2.73
28.995,0.44,3.08,9.42,-5.19,1.12,8.29,-0.8,-10.06,0.66,-0.41,-3.1,10.02,8.3,-3.59,4.65,9.39,0.81,2.8
29.03,0.44,3.02,9.51,-5.2,1.14,8.29,-0.78,-10.05,0.68,-0.21,-3.53,9.29,6.05,-1.31,4.23,9.44,0.63,2.65
29.064,0.46,3.02,9.49,-5.2,1.12,8.3,-0.8,-10.04,0.63,-0.25,-3.47,9.31,11.5,-7.08,8.22,9.45,0.71,2.69
29.099,0.46,3.02,9.46,-5.19,1.13,8.28,-0.8,-10.05,0.66,-0.38,-3.45,9.29,7.34,-5.44,3.81,9.45,0.76,2.7
29.133,0.43,3.02,9.48,-5.2,1.14,8.29,-0.79,-10.06,0.7,-0.22,-3.4,9.41,7.49,-4.67,5,9.43,0.64,2.69
29.167,0.43,3.03,9.46,-5.2,1.13,8.29,-0.78,-10.06,0.65,-0.2,-3.31,9.49,7.15,-4.9,5.25,9.45,0.68,2.68
29.202,0.45,3.04,9.46,-5.2,1.14,8.29,-0.79,-10.06,0.65,-0.22,-3.36,9.43,7.27,-4.85,5.01,9.45,0.71,2.67
29.237,0.44,3.04,9.45,-5.2,1.13,8.28,-0.78,-10.07,0.68,-0.2,-3.34,9.46,7.23,-4.77,4.99,9.44,0.68,2.67
29.271,0.44,3.04,9.45,-5.2,1.14,8.29,-0.8,-10.07,0.67,-0.22,-3.35,9.44,7.25,-4.83,4.89,9.44,0.69,2.66
29.305,0.45,3.03,9.45,-5.19,1.13,8.28,-0.79,-10.07,0.66,-0.21,-3.35,9.45,7.26,-4.76,5.09,9.45,0.7,2.66
29.339,0.45,3.04,9.45,-5.2,1.14,8.29,-0.79,-10.06,0.67,-0.21,-3.34,9.45,7.23,-4.85,4.92,9.44,0.7,2.66
29.374,0.45,3.04,9.45,-5.19,1.14,8.28,-0.79,-10.06,0.68,-0.21,-3.35,9.44,7.22,-4.82,5.06,9.45,0.69,2.66
29.409,0.44,3.02,9.46,-5.19,1.13,8.28,-0.79,-10.07,0.67,-0.22,-3.34,9.44,7.23,-4.85,4.92,9.45,0.69,2.66
29.443,0.44,3.03,9.45,-5.2,1.13,8.28,-0.79,-10.06,0.67,-0.21,-3.36,9.44,7.24,-4.82,5.01,9.44,0.7,2.66
29.477,0.45,3.05,9.45,-5.2,1.13,8.29,-0.79,-10.06,0.67,-0.22,-3.35,9.45,7.22,-4.84,4.97,9.44,0.7,2.66
29.511,0.45,3.04,9.45,-5.2,1.13,8.28,-0.79,-10.05,0.68,-0.21,-3.36,9.44,7.23,-4.81,5,9.45,0.69,2.66
29.546,0.44,3.03,9.45,-5.21,1.13,8.29,-0.78,-10.07,0.67,-0.21,-3.35,9.44,7.22,-4.83,4.98,9.45,0.7,2.66
29.58,0.45,3.05,9.46,-5.21,1.13,8.28,-0.78,-10.07,0.66,-0.22,-3.35,9.44,7.22,-4.85,4.99,9.45,0.69,2.66
29.615,0.43,3.04,9.45,-5.2,1.13,8.29,-0.78,-10.07,0.67,-0.21,-3.35,9.44,7.23,-4.84,5,9.44,0.68,2.66
29.648,0.44,3.03,9.45,-5.2,1.14,8.28,-0.78,-10.06,0.67,-0.21,-3.34,9.45,7.23,-4.83,5,9.45,0.69,2.65
29.683,0.43,3.03,9.47,-5.2,1.13,8.29,-0.79,-10.07,0.66,-0.22,-3.36,9.44,7.23,-4.82,4.99,9.44,0.69,2.66
29.718,0.44,3.04,9.45,-5.19,1.14,8.29,-0.78,-10.06,0.66,-0.22,-3.35,9.44,7.22,-4.84,5,9.45,0.7,2.66
29.752,0.44,3.04,9.46,-5.21,1.13,8.29,-0.79,-10.06,0.67,-0.21,-3.35,9.44,7.21,-4.83,5,9.44,0.69,2.65
29.787,0.44,3.03,9.45,-5.19,1.12,8.29,-0.78,-10.05,0.67,-0.21,-3.34,9.44,7.22,-4.83,5,9.44,0.68,2.67
29.82,0.44,3.03,9.46,-5.19,1.14,8.29,-0.79,-10.06,0.67,-0.21,-3.35,9.44,7.22,-4.83,5,9.43,0.7,2.67
29.855,0.44,3.03,9.46,-5.19,1.13,8.28,-0.79,-10.06,0.67,-0.21,-3.35,9.44,7.22,-4.83,5.01,9.45,0.7,2.67
29.889,0.44,3.04,9.45,-5.19,1.13,8.29,-0.79,-10.06,0.67,-0.22,-3.35,9.44,7.23,-4.83,5,9.44,0.69,2.66
29.924,0.44,3.04,9.46,-5.2,1.13,8.29,-0.79,-10.06,0.67,-0.22,-3.35,9.44,7.22,-4.83,5,9.44,0.69,2.66
29.958,0.44,3.04,9.45,-5.2,1.13,8.29,-0.79,-10.06,0.67,-0.22,-3.37,9.44,7.22,-4.84,5.01,9.45,0.68,2.65
29.992,0.44,3.03,9.45,-5.2,1.12,8.28,-0.79,-10.07,0.68,-0.22,-3.35,9.45,7.21,-4.83,5,9.43,0.68,2.66
30.027,0.45,3.04,9.45,-5.19,1.13,8.29,-0.79,-10.06,0.67,-0.22,-3.35,9.44,7.22,-4.82,5,9.44,0.68,2.66
30.061,0.44,3.04,9.46,-5.2,1.13,8.28,-0.78,-10.07,0.67,-0.21,-3.36,9.45,7.21,-4.83,5.01,9.44,0.69,2.66
30.096,0.45,3.04,9.46,-5.19,1.12,8.28,-0.79,-10.06,0.67,-0.22,-3.35,9.44,7.22,-4.84,5.01,9.45,0.7,2.66
30.13,0.44,3.03,9.46,-5.21,1.14,8.28,-0.78,-10.06,0.67,-0.24,-3.35,9.44,7.22,-4.83,5.01,9.44,0.69,2.67
30.164,0.44,3.04,9.46,-5.2,1.13,8.28,-0.78,-10.06,0.67,-0.21,-3.35,9.45,7.22,-4.84,5.02,9.43,0.7,2.67
30.198,0.44,3.04,9.44,-5.2,1.13,8.29,-0.8,-10.05,0.67,-0.21,-3.35,9.44,7.21,-4.83,5.01,9.45,0.7,2.67
30.233,0.44,3.04,9.45,-5.19,1.13,8.3,-0.79,-10.06,0.67,-0.22,-3.35,9.45,7.21,-4.83,5.02,9.43,0.7,2.67
30.268,0.43,3.04,9.46,-5.2,1.13,8.3,-0.78,-10.06,0.67,-0.21,-3.34,9.44,7.21,-4.83,5.02,9.44,0.68,2.66
30.302,0.44,3.03,9.45,-5.2,1.13,8.28,-0.8,-10.06,0.67,-0.22,-3.35,9.44,7.21,-4.83,5.01,9.45,0.69,2.66
30.337,0.45,3.04,9.45,-5.2,1.14,8.29,-0.79,-10.05,0.68,-0.22,-3.35,9.44,7.21,-4.83,5.02,9.44,0.69,2.66
30.37,0.44,3.04,9.46,-5.19,1.13,8.29,-0.8,-10.06,0.67,-0.22,-3.36,9.44,7.22,-4.84,5.02,9.46,0.68,2.66
30.405,0.45,3.04,9.46,-5.2,1.14,8.29,-0.79,-10.05,0.66,-0.22,-3.35,9.44,7.21,-4.84,5.02,9.45,0.69,2.67
30.439,0.45,3.04,9.45,-5.2,1.14,8.29,-0.78,-10.06,0.67,-0.22,-3.36,9.44,7.21,-4.83,5.02,9.44,0.69,2.67
30.474,0.44,3.04,9.46,-5.2,1.14,8.29,-0.8,-10.07,0.67,-0.22,-3.36,9.45,7.2,-4.84,5.01,9.44,0.69,2.66
30.509,0.44,3.05,9.45,-5.19,1.12,8.29,-0.79,-10.07,0.67,-0.22,-3.36,9.43,7.22,-4.83,5.02,9.45,0.7,2.66
30.542,0.45,3.02,9.45,-5.2,1.13,8.29,-0.79,-10.06,0.67,-0.21,-3.35,9.44,7.21,-4.83,5.02,9.45,0.69,2.67
30.577,0.44,3.03,9.45,-5.2,1.13,8.29,-0.8,-10.05,0.66,-0.22,-3.36,9.43,7.21,-4.83,5.03,9.45,0.68,2.66
30.611,0.44,3.03,9.46,-5.2,1.12,8.29,-0.79,-10.07,0.67,-0.22,-3.36,9.45,7.21,-4.84,5.02,9.45,0.69,2.66
30.646,0.43,3.02,9.45,-5.2,1.14,8.28,-0.78,-10.07,0.67,-0.22,-3.35,9.44,7.2,-4.83,5.03,9.45,0.69,2.66
30.68,0.44,3.04,9.46,-5.2,1.13,8.29,-0.8,-10.05,0.67,-0.22,-3.35,9.45,7.2,-4.84,5.02,9.45,0.69,2.66
30.714,0.44,3.04,9.46,-5.2,1.12,8.29,-0.78,-10.06,0.66,-0.22,-3.35,9.45,7.21,-4.83,5.02,9.46,0.68,2.66
30.748,0.45,3.04,9.45,-5.2,1.14,8.29,-0.79,-10.06,0.68,-0.21,-3.36,9.45,7.2,-4.84,5.02,9.44,0.69,2.66
30.783,0.44,3.05,9.46,-5.19,1.13,8.28,-0.79,-10.07,0.67,-0.21,-3.35,9.45,7.2,-4.84,5.02,9.43,0.7,2.66
30.817,0.45,3.04,9.45,-5.2,1.13,8.29,-0.79,-10.05,0.67,-0.21,-3.35,9.44,7.21,-4.84,5.02,9.45,0.68,2.67
30.852,0.43,3.04,9.46,-5.2,1.13,8.28,-0.79,-10.07,0.67,-0.22,-3.36,9.45,7.21,-4.83,5.03,9.46,0.69,2.66
30.885,0.45,3.04,9.46,-5.21,1.14,8.29,-0.8,-10.04,0.68,-0.21,-3.36,9.44,7.2,-4.84,5.03,9.44,0.69,2.66
30.92,0.46,3.03,9.46,-5.2,1.14,8.3,-0.79,-10.07,0.67,-0.21,-3.35,9.45,7.2,-4.83,5.03,9.45,0.69,2.66
30.955,0.44,3.03,9.46,-5.2,1.13,8.27,-0.77,-10.07,0.68,-0.22,-3.34,9.45,7.21,-4.84,5.02,9.45,0.68,2.66
30.989,0.43,3.04,9.45,-5.19,1.14,8.29,-0.79,-10.08,0.68,-0.21,-3.35,9.44,7.19,-4.83,5.02,9.44,0.68,2.66
31.024,0.44,3.02,9.45,-5.2,1.13,8.28,-0.78,-10.06,0.67,-0.21,-3.36,9.45,7.2,-4.83,5.02,9.45,0.69,2.67
31.057,0.42,3.03,9.46,-5.21,1.14,8.29,-0.8,-10.07,0.68,-0.22,-3.35,9.44,7.21,-4.83,5.02,9.45,0.7,2.67
31.092,0.44,3.04,9.46,-5.2,1.12,8.29,-0.79,-10.07,0.66,-0.21,-3.35,9.44,7.21,-4.84,5.03,9.44,0.68,2.67
31.126,0.45,3.04,9.45,-5.21,1.14,8.29,-0.78,-10.07,0.67,-0.22,-3.35,9.45,7.21,-4.84,5.03,9.44,0.68,2.66
31.161,0.45,3.04,9.45,-5.19,1.12,8.28,-0.79,-10.07,0.67,-0.21,-3.35,9.44,7.2,-4.84,5.03,9.45,0.69,2.66
31.195,0.44,3.04,9.46,-5.2,1.13,8.29,-0.8,-10.07,0.67,-0.22,-3.35,9.45,7.21,-4.84,5.03,9.44,0.68,2.66
31.229,0.44,3.05,9.45,-5.2,1.13,8.29,-0.78,-10.07,0.67,-0.22,-3.35,9.44,7.2,-4.84,5.03,9.45,0.68,2.66
31.263,0.45,3.04,9.46,-5.19,1.14,8.28,-0.79,-10.06,0.66,-0.21,-3.36,9.44,7.2,-4.83,5.03,9.44,0.68,2.66
31.298,0.45,3.04,9.46,-5.19,1.13,8.29,-0.78,-10.06,0.66,-0.22,-3.35,9.44,7.2,-4.84,5.03,9.45,0.69,2.66
31.333,0.43,3.04,9.46,-5.21,1.14,8.28,-0.78,-10.06,0.67,-0.23,-3.35,9.45,7.2,-4.83,5.03,9.45,0.7,2.66
31.367,0.44,3.04,9.45,-5.21,1.13,8.29,-0.79,-10.07,0.67,-0.21,-3.35,9.44,7.2,-4.84,5.04,9.45,0.69,2.66
31.401,0.44,3.04,9.46,-5.19,1.12,8.3,-0.78,-10.07,0.67,-0.21,-3.36,9.45,7.19,-4.85,5.04,9.44,0.69,2.66
31.435,0.44,3.04,9.45,-5.2,1.12,8.28,-0.78,-10.06,0.67,-0.22,-3.37,9.43,7.2,-4.84,5.03,9.44,0.68,2.66
31.47,0.43,3.04,9.45,-5.2,1.14,8.28,-0.78,-10.07,0.67,-0.21,-3.36,9.44,7.19,-4.84,5.03,9.45,0.69,2.66
31.504,0.45,3.03,9.45,-5.2,1.12,8.29,-0.79,-10.06,0.67,-0.21,-3.35,9.43,7.2,-4.82,5.04,9.44,0.69,2.66
31.539,0.45,3.04,9.46,-5.2,1.14,8.28,-0.79,-10.06,0.66,-0.21,-3.34,9.46,7.2,-4.83,5.03,9.44,0.69,2.66
31.574,0.44,3.04,9.47,-5.2,1.13,8.29,-0.79,-10.06,0.67,-0.22,-3.35,9.43,7.2,-4.85,5.03,9.44,0.69,2.65
31.607,0.45,3.04,9.46,-5.2,1.13,8.28,-0.78,-10.06,0.66,-0.22,-3.35,9.46,7.2,-4.84,5.03,9.44,0.69,2.66
31.642,0.45,3.04,9.44,-5.19,1.14,8.28,-0.79,-10.05,0.67,-0.22,-3.33,9.49,7.2,-4.84,5.03,9.44,0.69,2.66
31.676,0.43,3.04,9.47,-5.21,1.13,8.29,-0.79,-10.05,0.67,-0.22,-3.35,9.45,7.19,-4.83,5.03,9.43,0.69,2.65
31.711,0.44,3.04,9.46,-5.19,1.13,8.29,-0.79,-10.07,0.67,-0.23,-3.37,9.42,7.19,-4.84,5.04,9.44,0.69,2.66
31.745,0.45,3.02,9.46,-5.19,1.13,8.29,-0.78,-10.07,0.67,-0.21,-3.34,9.44,7.2,-4.84,5.04,9.43,0.68,2.68
31.779,0.45,3.04,9.46,-5.18,1.13,8.3,-0.8,-10.06,0.67,-0.21,-3.35,9.48,7.2,-4.83,5.04,9.45,0.68,2.66
31.813,0.43,3.04,9.45,-5.2,1.13,8.28,-0.79,-10.06,0.67,-0.22,-3.36,9.44,7.19,-4.84,5.06,9.44,0.69,2.67
31.848,0.44,3.04,9.46,-5.2,1.13,8.29,-0.8,-10.05,0.67,-0.21,-3.35,9.44,7.2,-4.83,5.04,9.44,0.68,2.67
31.882,0.44,3.03,9.45,-5.19,1.13,8.29,-0.8,-10.07,0.67,-0.22,-3.35,9.46,7.2,-4.83,5.04,9.44,0.69,2.65
31.917,0.43,3.03,9.44,-5.19,1.13,8.29,-0.8,-10.06,0.67,-0.21,-3.35,9.44,7.19,-4.83,5.04,9.45,0.69,2.66
31.951,0.44,3.03,9.46,-5.2,1.13,8.28,-0.79,-10.06,0.67,-0.22,-3.35,9.44,7.19,-4.84,5.03,9.45,0.69,2.67
31.985,0.44,3.04,9.46,-5.2,1.13,8.29,-0.79,-10.05,0.67,-0.22,-3.36,9.45,7.18,-4.84,5.05,9.45,0.69,2.66
32.02,0.43,3.03,9.46,-5.19,1.13,8.28,-0.79,-10.07,0.67,-0.21,-3.36,9.44,7.18,-4.84,5.04,9.44,0.7,2.66
32.054,0.45,3.04,9.46,-5.19,1.13,8.28,-0.79,-10.06,0.67,-0.22,-3.35,9.45,7.2,-4.83,5.04,9.44,0.68,2.66
32.089,0.44,3.04,9.46,-5.18,1.13,8.29,-0.78,-10.06,0.67,-0.22,-3.37,9.45,7.19,-4.83,5.05,9.45,0.68,2.66
32.122,0.43,3.03,9.46,-5.19,1.14,8.28,-0.79,-10.06,0.67,-0.22,-3.35,9.44,7.19,-4.84,5.05,9.45,0.7,2.65
32.157,0.45,3.03,9.45,-5.19,1.13,8.28,-0.8,-10.06,0.67,-0.22,-3.36,9.44,7.19,-4.84,5.05,9.44,0.68,2.66
32.191,0.44,3.04,9.46,-5.19,1.13,8.29,-0.79,-10.05,0.66,-0.21,-3.35,9.44,7.19,-4.85,5.04,9.45,0.69,2.66
32.226,0.44,3.03,9.47,-5.21,1.13,8.28,-0.79,-10.06,0.67,-0.22,-3.34,9.45,7.19,-4.84,5.05,9.45,0.69,2.66
32.26,0.44,3.04,9.45,-5.19,1.13,8.29,-0.79,-10.05,0.66,-0.21,-3.35,9.43,7.18,-4.84,5.05,9.42,0.69,2.65
32.294,0.45,3.04,9.46,-5.2,1.13,8.29,-0.79,-10.06,0.67,-0.22,-3.35,9.44,7.2,-4.84,5.05,9.44,0.69,2.66
32.329,0.44,3.04,9.46,-5.21,1.13,8.29,-0.78,-10.06,0.67,-0.2,-3.36,9.43,7.19,-4.83,5.04,9.45,0.69,2.67
32.363,0.44,3.03,9.46,-5.2,1.13,8.28,-0.79,-10.07,0.67,-0.2,-3.36,9.45,7.18,-4.84,5.05,9.45,0.68,2.66
32.398,0.43,3.04,9.46,-5.2,1.12,8.29,-0.79,-10.06,0.68,-0.22,-3.35,9.45,7.19,-4.84,5.04,9.44,0.69,2.66
32.432,0.44,3.03,9.45,-5.21,1.13,8.28,-0.8,-10.07,0.68,-0.21,-3.36,9.44,7.19,-4.83,5.04,9.45,0.69,2.66
32.466,0.45,3.04,9.47,-5.2,1.12,8.29,-0.79,-10.05,0.67,-0.22,-3.36,9.45,7.19,-4.84,5.04,9.44,0.69,2.65
32.501,0.44,3.03,9.46,-5.2,1.14,8.28,-0.78,-10.06,0.67,-0.21,-3.35,9.44,7.19,-4.84,5.04,9.44,0.69,2.66
32.535,0.45,3.03,9.46,-5.2,1.13,8.28,-0.79,-10.08,0.67,-0.21,-3.35,9.44,7.2,-4.84,5.05,9.44,0.69,2.66
32.57,0.45,3.04,9.45,-5.2,1.13,8.28,-0.79,-10.06,0.67,-0.22,-3.35,9.44,7.2,-4.84,5.04,9.45,0.69,2.66
32.604,0.45,3.04,9.46,-5.19,1.12,8.29,-0.79,-10.06,0.67,-0.2,-3.35,9.44,7.19,-4.84,5.04,9.44,0.69,2.67
32.638,0.44,3.03,9.46,-5.19,1.14,8.28,-0.79,-10.07,0.66,-0.22,-3.35,9.44,7.19,-4.84,5.05,9.44,0.69,2.66
32.672,0.44,3.03,9.45,-5.19,1.13,8.27,-0.78,-10.07,0.67,-0.22,-3.35,9.44,7.18,-4.83,5.04,9.44,0.69,2.67
32.707,0.44,3.03,9.46,-5.19,1.15,8.26,-0.78,-10.04,0.67,-0.21,-3.35,9.44,7.19,-4.85,5.06,9.46,0.69,2.67
32.742,0.45,3.03,9.46,-5.19,1.13,8.3,-0.79,-10.07,0.68,-0.21,-3.36,9.45,7.18,-4.83,5.04,9.43,0.69,2.66
32.776,0.44,3.02,9.46,-5.2,1.14,8.27,-0.79,-10.06,0.67,-0.22,-3.35,9.45,7.19,-4.83,5.04,9.46,0.69,2.67
32.811,0.45,3.03,9.45,-5.2,1.14,8.29,-0.78,-10.06,0.67,-0.22,-3.35,9.44,7.19,-4.84,5.05,9.45,0.7,2.66
32.844,0.44,3.04,9.45,-5.2,1.14,8.28,-0.79,-10.07,0.67,-0.22,-3.35,9.43,7.18,-4.83,5.05,9.45,0.69,2.65
32.879,0.44,3.04,9.46,-5.19,1.13,8.28,-0.79,-10.06,0.67,-0.21,-3.35,9.44,7.19,-4.84,5.05,9.45,0.7,2.67
32.913,0.44,3.02,9.46,-5.19,1.13,8.28,-0.79,-10.06,0.67,-0.21,-3.35,9.44,7.19,-4.85,5.05,9.44,0.69,2.66
32.948,0.44,3.04,9.46,-5.2,1.13,8.29,-0.77,-10.06,0.66,-0.22,-3.36,9.44,7.18,-4.84,5.04,9.45,0.7,2.66
32.982,0.43,3.03,9.45,-5.19,1.15,8.29,-0.8,-10.07,0.68,-0.22,-3.35,9.45,7.19,-4.84,5.05,9.45,0.68,2.66
33.016,0.44,3.03,9.46,-5.19,1.13,8.29,-0.79,-10.07,0.66,-0.22,-3.35,9.44,7.18,-4.83,5.05,9.45,0.68,2.66
33.051,0.44,3.04,9.46,-5.19,1.13,8.28,-0.79,-10.07,0.67,-0.21,-3.35,9.44,7.2,-4.84,5.06,9.43,0.7,2.66
33.085,0.45,3.04,9.45,-5.19,1.13,8.29,-0.78,-10.07,0.67,-0.22,-3.35,9.44,7.18,-4.84,5.05,9.44,0.7,2.65
33.12,0.45,3.03,9.46,-5.19,1.13,8.28,-0.79,-10.07,0.67,-0.22,-3.36,9.45,7.17,-4.83,5.05,9.43,0.7,2.66
33.154,0.45,3.03,9.45,-5.2,1.14,8.29,-0.78,-10.07,0.67,-0.22,-3.36,9.44,7.18,-4.83,5.05,9.44,0.69,2.66
33.188,0.45,3.04,9.46,-5.21,1.13,8.28,-0.78,-10.06,0.67,-0.2,-3.35,9.44,7.19,-4.85,5.05,9.44,0.7,2.66
33.223,0.44,3.03,9.46,-5.2,1.12,8.27,-0.8,-10.06,0.67,-0.21,-3.35,9.45,7.18,-4.84,5.05,9.45,0.69,2.65
33.257,0.45,3.04,9.46,-5.2,1.14,8.28,-0.79,-10.07,0.66,-0.21,-3.35,9.44,7.18,-4.84,5.06,9.45,0.7,2.66
33.292,0.45,3.03,9.45,-5.2,1.13,8.28,-0.78,-10.06,0.68,-0.22,-3.36,9.44,7.17,-4.85,5.06,9.46,0.68,2.66
